"","ID","X","separation_distance","sites","rings","flow_rate","in_rate","out_rate","consistent_out_rate","fierce_reaction_rate","prop_formation_rate","prop_funnel_rate","prop_break_rate","adsorb_rate","default_concentration","food_concentration","site_concentration","t_max","disturb_freq","recording_freq","chemostat","introspection","stop_time_hrs","allow_stopping","reboot","End_time","Runtime","Max_cycles","Facultative_modifier","Relative_concentration","Approx_unoccupied_pixels","Sites_occupied","fastest_rate"
"1",66042,269,1,2,2,0.6,50,0.1,1,0.01,0.01,1500,0.002,0.01,0,100,500,8000,0,200,1,1,71,0,0,8000,0.009785,3,Inf,0,0.01,0,0.04
"2",433557,161,1,2,2,0.6,50,0.1,1,0.01,0.01,1500,0.002,0.01,0,100,500,8000,0,200,1,1,71,0,0,8000,0.003295,3,Inf,0,0.018,0,0.02
"3",855072,356,5,2,2,0.6,50,0.1,1,0.01,0.01,1500,0.002,0.01,0,100,500,8000,0,200,1,1,71,0,0,8000,0.02324,3,Inf,0.5995261,0.068,0.7329474,0.02
"4",987318,410,3,2,2,0.6,50,0.1,1,0.01,0.01,1500,0.002,0.01,0,100,500,8000,0,200,1,1,71,0,0,8000,0.010166,3,Inf,0,0.008,0,0.01
"5",1344038,13,1,2,2,0.6,50,0.1,1,0.01,0.01,1500,0.002,0.01,0,100,500,8000,0,200,1,1,71,0,0,8000,0.001827,3,Inf,0,0.012,0,0.02
"6",1750570,34,3,2,2,0.6,50,0.1,1,0.01,0.01,1500,0.002,0.01,0,100,500,8000,0,200,1,1,71,0,0,8000,0.102036,3,Inf,0,0.014,0,0.02
"7",1787517,35,3,2,2,0.6,50,0.1,1,0.01,0.01,1500,0.002,0.01,0,100,500,8000,0,200,1,1,71,0,0,8000,0.004679,3,Inf,0.002854918,0.014,0.007157895,0.01
"8",2601132,82,5,2,2,0.6,50,0.1,1,0.01,0.01,1500,0.002,0.01,0,100,500,8000,0,200,1,1,71,0,0,8000,0.132546,3,Inf,0.8135209,0.086,0.8902105,0.02
"9",2785180,90,5,2,2,0.6,50,0.1,1,0.01,0.01,1500,0.002,0.01,0,100,500,8000,0,200,1,1,71,0,0,8000,0.169617,3,Inf,0.6493452,0.07,0.7865263,0.02
"10",2804900,92,1,2,2,0.6,50,0.1,1,0.01,0.01,1500,0.002,0.01,0,100,500,8000,0,200,1,1,71,0,0,8000,0.002762,3,Inf,0.002048656,0.014,0.007473684,0.01
"11",2997719,98,3,2,2,0.6,50,0.1,1,0.01,0.01,1500,0.002,0.01,0,100,500,8000,0,200,1,1,71,0,0,8000,0.086021,3,Inf,0,0.016,0,0.02
"12",3470296,120,5,2,2,0.6,50,0.1,1,0.01,0.01,1500,0.002,0.01,0,100,500,8000,0,200,1,1,71,0,0,8000,0.011507,3,Inf,0.5704397,0.072,0.7341053,0.02
"13",3575902,125,5,2,2,0.6,50,0.1,1,0.01,0.01,1500,0.002,0.01,0,100,500,8000,0,200,1,1,71,0,0,8000,0.018767,3,Inf,0.6491228,0.082,0.7853684,0.01
"14",3728217,132,1,2,2,0.6,50,0.1,1,0.01,0.01,1500,0.002,0.01,0,100,500,8000,0,200,1,1,71,0,0,8000,0.00218,3,Inf,0,0.006,0,0.02
"15",4607699,172,1,2,2,0.6,50,0.1,1,0.01,0.01,1500,0.002,0.01,0,100,500,8000,0,200,1,1,71,0,0,8000,0.053058,3,Inf,0,0.016,0,0.04
"16",5154081,200,1,2,2,0.6,50,0.1,1,0.01,0.01,1500,0.002,0.01,0,100,500,8000,0,200,1,1,71,0,0,8000,0.006074,3,Inf,0.001280082,0.02,0.004526316,0.02
"17",5184068,201,5,2,2,0.6,50,0.1,1,0.01,0.01,1500,0.002,0.01,0,100,500,8000,0,200,1,1,71,0,0,8000,0.064771,3,Inf,0.6454102,0.072,0.7853684,0.04
"18",5581424,216,1,2,2,0.6,50,0.1,1,0.01,0.01,1500,0.002,0.01,0,100,500,8000,0,200,1,1,71,0,0,8000,0.001969,3,Inf,0,0.024,0,0.01
"19",5629106,218,5,2,2,0.6,50,0.1,1,0.01,0.01,1500,0.002,0.01,0,100,500,8000,0,200,1,1,71,0,0,8000,0.029966,3,Inf,0.7337778,0.062,0.8387368,0.01
"20",5843229,231,1,2,2,0.6,50,0.1,1,0.01,0.01,1500,0.002,0.01,0,100,500,8000,0,200,1,1,71,0,0,8000,0.00302,3,Inf,0,0.008,0,0.04
"21",5927632,239,5,2,2,0.6,50,0.1,1,0.01,0.01,1500,0.002,0.01,0,100,500,8000,0,200,1,1,71,0,0,8000,0.099175,3,Inf,0.517871,0.048,0.6817895,0.04
"22",6275312,255,1,2,2,0.6,50,0.1,1,0.01,0.01,1500,0.002,0.01,0,100,500,8000,0,200,1,1,71,0,0,8000,0.002993,3,Inf,0,0.026,0,0.01
"23",6361805,257,5,2,2,0.6,50,0.1,1,0.01,0.01,1500,0.002,0.01,0,100,500,8000,0,200,1,1,71,0,0,8000,0.038556,3,Inf,0.5855962,0.062,0.7334737,0.01
"24",6878581,278,3,2,2,0.6,50,0.1,1,0.01,0.01,1500,0.002,0.01,0,100,500,8000,0,200,1,1,71,0,0,8000,0.010111,3,Inf,0,0.024,0,0.04
"25",7134410,290,5,2,2,0.6,50,0.1,1,0.01,0.01,1500,0.002,0.01,0,100,500,8000,0,200,1,1,71,0,0,8000,0.102938,3,Inf,0.3128324,0.052,0.4716842,0.02
"26",7592322,306,5,2,2,0.6,50,0.1,1,0.01,0.01,1500,0.002,0.01,0,100,500,8000,0,200,1,1,71,0,0,8000,0.106375,3,Inf,0.8075843,0.078,0.8906316,0.04
"27",7694449,311,5,2,2,0.6,50,0.1,1,0.01,0.01,1500,0.002,0.01,0,100,500,8000,0,200,1,1,71,0,0,8000,0.123149,3,Inf,0.610297,0.062,0.7336842,0.01
"28",7862904,321,1,2,2,0.6,50,0.1,1,0.01,0.01,1500,0.002,0.01,0,100,500,8000,0,200,1,1,71,0,0,8000,0.007121,3,Inf,0.001782531,0.012,0.005578947,0.04
"29",7895297,323,5,2,2,0.6,50,0.1,1,0.01,0.01,1500,0.002,0.01,0,100,500,8000,0,200,1,1,71,0,0,8000,0.156357,3,Inf,0.7285343,0.052,0.8389474,0.01
"30",7899764,324,5,2,2,0.6,50,0.1,1,0.01,0.01,1500,0.002,0.01,0,100,500,8000,0,200,1,1,71,0,0,8000,0.042299,3,Inf,0.7154684,0.092,0.8369474,0.02
"31",7918106,326,5,2,2,0.6,50,0.1,1,0.01,0.01,1500,0.002,0.01,0,100,500,8000,0,200,1,1,71,0,0,8000,0.119041,3,Inf,0.586767,0.05,0.7342105,0.02
"32",7969589,327,3,2,2,0.6,50,0.1,1,0.01,0.01,1500,0.002,0.01,0,100,500,8000,0,200,1,1,71,0,0,8000,0.144399,3,Inf,0,0.008,0,0.04
"33",9184036,377,3,2,2,0.6,50,0.1,1,0.01,0.01,1500,0.002,0.01,0,100,500,8000,0,200,1,1,71,0,0,8000,0.004677,3,Inf,0,0.016,0,0.02
"34",9224820,380,3,2,2,0.6,50,0.1,1,0.01,0.01,1500,0.002,0.01,0,100,500,8000,0,200,1,1,71,0,0,8000,0.005867,3,Inf,0,0.004,0,0.01
"35",9752890,407,1,2,2,0.6,50,0.1,1,0.01,0.01,1500,0.002,0.01,0,100,500,8000,0,200,1,1,71,0,0,8000,0.002889,3,Inf,0,0.012,0,0.04
"36",9888436,411,1,2,2,0.6,50,0.1,1,0.01,0.01,1500,0.002,0.01,0,100,500,8000,0,200,1,1,71,0,0,8000,0.104456,3,Inf,0,0.016,0,0.04
"37",10334698,2,1,2,2,0.6,50,0.1,1,0.01,0.01,1500,0.002,0.01,0,100,500,8000,0,200,1,1,71,0,0,8000,0.178057,3,Inf,0,0.01,0,0.04
"38",10369772,3,3,2,2,0.6,50,0.1,1,0.01,0.01,1500,0.002,0.01,0,100,500,8000,0,200,1,1,71,0,0,8000,0.021291,3,Inf,0,0.01,0,0.02
"39",10660573,4,1,2,2,0.6,50,0.1,1,0.01,0.01,1500,0.002,0.01,0,100,500,8000,0,200,1,1,71,0,0,8000,0.004995,3,Inf,0,0.018,0,0.04
"40",12023291,5,1,2,2,0.6,50,0.1,1,0.01,0.01,1500,0.002,0.01,0,100,500,8000,0,200,1,1,71,0,0,8000,0.00245,3,Inf,0,0.024,0.0002105263,0.01
"41",12170956,6,3,2,2,0.6,50,0.1,1,0.01,0.01,1500,0.002,0.01,0,100,500,8000,0,200,1,1,71,0,0,8000,0.005678,3,Inf,0,0.016,0,0.02
"42",12181048,7,5,2,2,0.6,50,0.1,1,0.01,0.01,1500,0.002,0.01,0,100,500,8000,0,200,1,1,71,0,0,8000,0.134353,3,Inf,0.5133519,0.06,0.6811579,0.01
"43",12422545,8,3,2,2,0.6,50,0.1,1,0.01,0.01,1500,0.002,0.01,0,100,500,8000,0,200,1,1,71,0,0,8000,0.150306,3,Inf,0,0.018,0,0.04
"44",12567092,9,5,2,2,0.6,50,0.1,1,0.01,0.01,1500,0.002,0.01,0,100,500,8000,0,200,1,1,71,0,0,8000,0.017289,3,Inf,0.4583947,0.076,0.6276842,0.02
"45",13056925,10,1,2,2,0.6,50,0.1,1,0.01,0.01,1500,0.002,0.01,0,100,500,8000,0,200,1,1,71,0,0,8000,0.071895,3,Inf,0,0.012,0,0.02
"46",13088985,11,5,2,2,0.6,50,0.1,1,0.01,0.01,1500,0.002,0.01,0,100,500,8000,0,200,1,1,71,0,0,8000,0.030199,3,Inf,0.7150735,0.082,0.8375789,0.01
"47",13403780,12,3,2,2,0.6,50,0.1,1,0.01,0.01,1500,0.002,0.01,0,100,500,8000,0,200,1,1,71,0,0,8000,0.012722,3,Inf,0,0.016,0,0.04
"48",13453428,14,3,2,2,0.6,50,0.1,1,0.01,0.01,1500,0.002,0.01,0,100,500,8000,0,200,1,1,71,0,0,8000,0.008426,3,Inf,0.009210854,0.012,0.01368421,0.02
"49",13790920,15,3,2,2,0.6,50,0.1,1,0.01,0.01,1500,0.002,0.01,0,100,500,8000,0,200,1,1,71,0,0,8000,0.023104,3,Inf,0,0.008,0,0.04
"50",13933832,16,1,2,2,0.6,50,0.1,1,0.01,0.01,1500,0.002,0.01,0,100,500,8000,0,200,1,1,71,0,0,8000,0.002668,3,Inf,0,0.01,0,0.01
"51",14218761,17,1,2,2,0.6,50,0.1,1,0.01,0.01,1500,0.002,0.01,0,100,500,8000,0,200,1,1,71,0,0,8000,0.002558,3,Inf,0.005521956,0.016,0.01294737,0.01
"52",14487933,18,3,2,2,0.6,50,0.1,1,0.01,0.01,1500,0.002,0.01,0,100,500,8000,0,200,1,1,71,0,0,8000,0.018581,3,Inf,0,0.016,0,0.04
"53",14700916,19,5,2,2,0.6,50,0.1,1,0.01,0.01,1500,0.002,0.01,0,100,500,8000,0,200,1,1,71,0,0,8000,0.032255,3,Inf,0.7258883,0.086,0.8375789,0.01
"54",14745086,20,1,2,2,0.6,50,0.1,1,0.01,0.01,1500,0.002,0.01,0,100,500,8000,0,200,1,1,71,0,0,8000,0.004195,3,Inf,0,0.022,0,0.02
"55",15063554,21,7,2,2,0.6,50,0.1,1,0.01,0.01,1500,0.002,0.01,0,100,500,8000,0,200,1,1,71,0,0,8000,0.051264,3,Inf,0.6614605,0.052,0.7868421,0.02
"56",15297868,22,1,2,2,0.6,50,0.1,1,0.01,0.01,1500,0.002,0.01,0,100,500,8000,0,200,1,1,71,0,0,8000,0.030137,3,Inf,0.0002591345,0.02,0.001157895,0.02
"57",15317925,23,3,2,2,0.6,50,0.1,1,0.01,0.01,1500,0.002,0.01,0,100,500,8000,0,200,1,1,71,0,0,8000,0.025786,3,Inf,0,0.016,0,0.04
"58",15822251,24,5,2,2,0.6,50,0.1,1,0.01,0.01,1500,0.002,0.01,0,100,500,8000,0,200,1,1,71,0,0,8000,0.135933,3,Inf,0.890377,0.094,0.9422105,0.04
"59",16034907,25,1,2,2,0.6,50,0.1,1,0.01,0.01,1500,0.002,0.01,0,100,500,8000,0,200,1,1,71,0,0,8000,0.00298,3,Inf,0.00204918,0.014,0.005368421,0.01
"60",16045236,26,1,2,2,0.6,50,0.1,1,0.01,0.01,1500,0.002,0.01,0,100,500,8000,0,200,1,1,71,0,0,8000,0.012354,3,Inf,0,0.016,0,0.04
"61",16469396,27,3,2,2,0.6,50,0.1,1,0.01,0.01,1500,0.002,0.01,0,100,500,8000,0,200,1,1,71,0,0,8000,0.008395,3,Inf,0,0.01,0,0.02
"62",16712590,28,1,2,2,0.6,50,0.1,1,0.01,0.01,1500,0.002,0.01,0,100,500,8000,0,200,1,1,71,0,0,8000,0.003525,3,Inf,0,0.022,0,0.04
"63",16800709,29,1,2,2,0.6,50,0.1,1,0.01,0.01,1500,0.002,0.01,0,100,500,8000,0,200,1,1,71,0,0,8000,0.003086,3,Inf,0,0.006,0,0.02
"64",16924352,30,3,2,2,0.6,50,0.1,1,0.01,0.01,1500,0.002,0.01,0,100,500,8000,0,200,1,1,71,0,0,8000,0.011938,3,Inf,0,0.004,0,0.04
"65",17324357,31,1,2,2,0.6,50,0.1,1,0.01,0.01,1500,0.002,0.01,0,100,500,8000,0,200,1,1,71,0,0,8000,0.005432,3,Inf,0.001577287,0.02,0.004947368,0.01
"66",17407213,32,3,2,2,0.6,50,0.1,1,0.01,0.01,1500,0.002,0.01,0,100,500,8000,0,200,1,1,71,0,0,8000,0.017658,3,Inf,0.002609603,0.018,0.006,0.01
"67",17422582,33,3,2,2,0.6,50,0.1,1,0.01,0.01,1500,0.002,0.01,0,100,500,8000,0,200,1,1,71,0,0,8000,0.053618,3,Inf,0,0.012,0,0.04
"68",17976594,36,1,2,2,0.6,50,0.1,1,0.01,0.01,1500,0.002,0.01,0,100,500,8000,0,200,1,1,71,0,0,8000,0.004233,3,Inf,0,0.018,0,0.04
"69",18024613,37,3,2,2,0.6,50,0.1,1,0.01,0.01,1500,0.002,0.01,0,100,500,8000,0,200,1,1,71,0,0,8000,0.010291,3,Inf,0.005402624,0.016,0.01157895,0.01
"70",18060549,38,1,2,2,0.6,50,0.1,1,0.01,0.01,1500,0.002,0.01,0,100,500,8000,0,200,1,1,71,0,0,8000,0.212553,3,Inf,0,0.02,0,0.04
"71",18077833,39,3,2,2,0.6,50,0.1,1,0.01,0.01,1500,0.002,0.01,0,100,500,8000,0,200,1,1,71,0,0,8000,0.005261,3,Inf,0,0.018,0,0.01
"72",18318120,40,5,2,2,0.6,50,0.1,1,0.01,0.01,1500,0.002,0.01,0,100,500,8000,0,200,1,1,71,0,0,8000,0.010344,3,Inf,0.449887,0.088,0.6267368,0.02
"73",18441732,41,1,2,2,0.6,50,0.1,1,0.01,0.01,1500,0.002,0.01,0,100,500,8000,0,200,1,1,71,0,0,8000.001,0.003967,3,Inf,0,0.008,0,0.01
"74",18520900,42,3,2,2,0.6,50,0.1,1,0.01,0.01,1500,0.002,0.01,0,100,500,8000,0,200,1,1,71,0,0,8000,0.03538,3,Inf,0,0.012,0,0.04
"75",19000698,43,5,2,2,0.6,50,0.1,1,0.01,0.01,1500,0.002,0.01,0,100,500,8000,0,200,1,1,71,0,0,8000,0.056162,3,Inf,0.7224138,0.078,0.8382105,0.02
"76",19069618,44,1,2,2,0.6,50,0.1,1,0.01,0.01,1500,0.002,0.01,0,100,500,8000,0,200,1,1,71,0,0,8000,0.182526,3,Inf,0,0.022,0,0.04
"77",19600808,45,5,2,2,0.6,50,0.1,1,0.01,0.01,1500,0.002,0.01,0,100,500,8000,0,200,1,1,71,0,0,8000,0.04636,3,Inf,0.8033333,0.086,0.8903158,0.01
"78",19634357,46,1,2,2,0.6,50,0.1,1,0.01,0.01,1500,0.002,0.01,0,100,500,8000,0,200,1,1,71,0,0,8000,0.00279,3,Inf,0,0.006,0,0.02
"79",20267650,47,3,2,2,0.6,50,0.1,1,0.01,0.01,1500,0.002,0.01,0,100,500,8000,0,200,1,1,71,0,0,8000,0.00452,3,Inf,0.002602811,0.02,0.007157895,0.01
"80",20537537,48,3,2,2,0.6,50,0.1,1,0.01,0.01,1500,0.002,0.01,0,100,500,8000,0,200,1,1,71,0,0,8000,0.014246,3,Inf,0.007023933,0.018,0.01273684,0.01
"81",20583422,49,5,2,2,0.6,50,0.1,1,0.01,0.01,1500,0.002,0.01,0,100,500,8000,0,200,1,1,71,0,0,8000,0.081543,3,Inf,0.8134191,0.066,0.8913684,0.02
"82",20605641,50,3,2,2,0.6,50,0.1,1,0.01,0.01,1500,0.002,0.01,0,100,500,8000,0,200,1,1,71,0,0,8000,0.008359,3,Inf,0,0.018,0,0.02
"83",20618558,51,5,2,2,0.6,50,0.1,1,0.01,0.01,1500,0.002,0.01,0,100,500,8000,0,200,1,1,71,0,0,8000,0.031563,3,Inf,0.5864448,0.06,0.7337895,0.01
"84",20946314,52,1,2,2,0.6,50,0.1,1,0.01,0.01,1500,0.002,0.01,0,100,500,8000,0,200,1,1,71,0,0,8000,0.002404,3,Inf,0,0.02,0,0.04
"85",21003286,53,7,2,2,0.6,50,0.1,1,0.01,0.01,1500,0.002,0.01,0,100,500,8000,0,200,1,1,71,0,0,8000,0.052469,3,Inf,0.9059829,0.08,0.9433684,0.01
"86",21031947,54,1,2,2,0.6,50,0.1,1,0.01,0.01,1500,0.002,0.01,0,100,500,8000,0,200,1,1,71,0,0,8000,0.005217,3,Inf,0,0.03,0,0.02
"87",21061865,55,1,2,2,0.6,50,0.1,1,0.01,0.01,1500,0.002,0.01,0,100,500,8000,0,200,1,1,71,0,0,8000,0.12965,3,Inf,0,0.018,0,0.04
"88",21102301,56,5,2,2,0.6,50,0.1,1,0.01,0.01,1500,0.002,0.01,0,100,500,8000,0,200,1,1,71,0,0,8000,0.016271,3,Inf,0.4445714,0.076,0.6274737,0.02
"89",21229931,57,3,2,2,0.6,50,0.1,1,0.01,0.01,1500,0.002,0.01,0,100,500,8000,0,200,1,1,71,0,0,8000,0.006298,3,Inf,0.004203889,0.024,0.01284211,0.01
"90",21377113,58,5,2,2,0.6,50,0.1,1,0.01,0.01,1500,0.002,0.01,0,100,500,8000,0,200,1,1,71,0,0,8000,0.026226,3,Inf,0.7287554,0.056,0.8389474,0.04
"91",21386060,59,3,2,2,0.6,50,0.1,1,0.01,0.01,1500,0.002,0.01,0,100,500,8000,0,200,1,1,71,0,0,8000,0.013375,3,Inf,0.002825584,0.012,0.005052632,0.02
"92",21634682,60,5,2,2,0.6,50,0.1,1,0.01,0.01,1500,0.002,0.01,0,100,500,8000,0,200,1,1,71,0,0,8000,0.194995,3,Inf,0.5887962,0.066,0.7327368,0.02
"93",21736098,61,1,2,2,0.6,50,0.1,1,0.01,0.01,1500,0.002,0.01,0,100,500,8000,0,200,1,1,71,0,0,8000,0.002064,3,Inf,0,0.018,0,0.01
"94",21768156,62,1,2,2,0.6,50,0.1,1,0.01,0.01,1500,0.002,0.01,0,100,500,8000,0,200,1,1,71,0,0,8000,0.003842,3,Inf,0.009880395,0.01,0.018,0.01
"95",22383497,63,5,2,2,0.6,50,0.1,1,0.01,0.01,1500,0.002,0.01,0,100,500,8000,0,200,1,1,71,0,0,8000,0.173031,3,Inf,0.6606374,0.074,0.7853684,0.04
"96",22975689,64,1,2,2,0.6,50,0.1,1,0.01,0.01,1500,0.002,0.01,0,100,500,8000,0,200,1,1,71,0,0,8000,0.002352,3,Inf,0.004415584,0.02,0.009263158,0.01
"97",23056305,65,5,2,2,0.6,50,0.1,1,0.01,0.01,1500,0.002,0.01,0,100,500,8000,0,200,1,1,71,0,0,8000,0.198953,3,Inf,0.198032,0.028,0.3205263,0.02
"98",23056892,66,3,2,2,0.6,50,0.1,1,0.01,0.01,1500,0.002,0.01,0,100,500,8000,0,200,1,1,71,0,0,8000,0.02161,3,Inf,0.005735141,0.014,0.01042105,0.01
"99",23118360,67,3,2,2,0.6,50,0.1,1,0.01,0.01,1500,0.002,0.01,0,100,500,8000,0,200,1,1,71,0,0,8000,0.013298,3,Inf,0.001783439,0.01,0.005157895,0.02
"100",23215035,68,1,2,2,0.6,50,0.1,1,0.01,0.01,1500,0.002,0.01,0,100,500,8000,0,200,1,1,71,0,0,8000,0.017933,3,Inf,0,0.01,0,0.04
"101",23234213,69,3,2,2,0.6,50,0.1,1,0.01,0.01,1500,0.002,0.01,0,100,500,8000,0,200,1,1,71,0,0,8000,0.010037,3,Inf,0.008720185,0.008,0.01736842,0.01
"102",23310320,70,5,2,2,0.6,50,0.1,1,0.01,0.01,1500,0.002,0.01,0,100,500,8000,0,200,1,1,71,0,0,8000,0.011028,3,Inf,0.8144755,0.056,0.8916842,0.01
"103",23589250,71,5,2,2,0.6,50,0.1,1,0.01,0.01,1500,0.002,0.01,0,100,500,8000,0,200,1,1,71,0,0,8000,0.193124,3,Inf,0.6646834,0.094,0.7846316,0.02
"104",23647189,72,3,2,2,0.6,50,0.1,1,0.01,0.01,1500,0.002,0.01,0,100,500,8000,0,200,1,1,71,0,0,8000,0.015938,3,Inf,0,0.024,0,0.02
"105",23840859,73,1,2,2,0.6,50,0.1,1,0.01,0.01,1500,0.002,0.01,0,100,500,8000,0,200,1,1,71,0,0,8000,0.018375,3,Inf,0,0.008,0,0.04
"106",23979900,74,3,2,2,0.6,50,0.1,1,0.01,0.01,1500,0.002,0.01,0,100,500,8000,0,200,1,1,71,0,0,8000,0.027509,3,Inf,0.003562341,0.024,0.007052632,0.04
"107",23991060,75,1,2,2,0.6,50,0.1,1,0.01,0.01,1500,0.002,0.01,0,100,500,8000,0,200,1,1,71,0,0,8000,0.003027,3,Inf,0.002619172,0.004,0.007052632,0.01
"108",24145633,76,1,2,2,0.6,50,0.1,1,0.01,0.01,1500,0.002,0.01,0,100,500,8000,0,200,1,1,71,0,0,8000,0.002588,3,Inf,0.00308404,0.014,0.006842105,0.04
"109",24324731,77,5,2,2,0.6,50,0.1,1,0.01,0.01,1500,0.002,0.01,0,100,500,8000,0,200,1,1,71,0,0,8000,0.206632,3,Inf,0.6603931,0.078,0.7852632,0.04
"110",24424075,78,3,2,2,0.6,50,0.1,1,0.01,0.01,1500,0.002,0.01,0,100,500,8000,0,200,1,1,71,0,0,8000,0.019027,3,Inf,0,0.024,0,0.04
"111",24714848,79,3,2,2,0.6,50,0.1,1,0.01,0.01,1500,0.002,0.01,0,100,500,8000,0,200,1,1,71,0,0,8000,0.018709,3,Inf,0,0.01,0.0001052632,0.02
"112",25447350,80,3,2,2,0.6,50,0.1,1,0.01,0.01,1500,0.002,0.01,0,100,500,8000,0,200,1,1,71,0,0,8000,0.011768,3,Inf,0.001576044,0.018,0.005578947,0.02
"113",25791663,81,3,2,2,0.6,50,0.1,1,0.01,0.01,1500,0.002,0.01,0,100,500,8000,0,200,1,1,71,0,0,8000,0.006737,3,Inf,0.003580563,0.01,0.005263158,0.01
"114",26018400,83,3,2,2,0.6,50,0.1,1,0.01,0.01,1500,0.002,0.01,0,100,500,8000,0,200,1,1,71,0,0,8000,0.092396,3,Inf,0.001568627,0.016,0.004736842,0.01
"115",26143164,84,5,2,2,0.6,50,0.1,1,0.01,0.01,1500,0.002,0.01,0,100,500,8000,0,200,1,1,71,0,0,8000,0.056469,3,Inf,0.9001447,0.07,0.9437895,0.01
"116",26246942,85,5,2,2,0.6,50,0.1,1,0.01,0.01,1500,0.002,0.01,0,100,500,8000,0,200,1,1,71,0,0,8000,0.204983,3,Inf,0.8215247,0.082,0.8901053,0.01
"117",26308984,86,1,2,2,0.6,50,0.1,1,0.01,0.01,1500,0.002,0.01,0,100,500,8000,0,200,1,1,71,0,0,8000,0.003619,3,Inf,0,0.012,0,0.01
"118",26398343,87,5,2,2,0.6,50,0.1,1,0.01,0.01,1500,0.002,0.01,0,100,500,8000,0,200,1,1,71,0,0,8000,0.112093,3,Inf,0.6425856,0.076,0.7852632,0.04
"119",26703255,88,3,2,2,0.6,50,0.1,1,0.01,0.01,1500,0.002,0.01,0,100,500,8000,0,200,1,1,71,0,0,8000,0.005698,3,Inf,0.001279754,0.01,0.006,0.01
"120",27152614,89,1,2,2,0.6,50,0.1,1,0.01,0.01,1500,0.002,0.01,0,100,500,8000,0,200,1,1,71,0,0,8000,0.002078,3,Inf,0.00385505,0.022,0.009473684,0.01
"121",27975354,91,1,2,2,0.6,50,0.1,1,0.01,0.01,1500,0.002,0.01,0,100,500,8000,0,200,1,1,71,0,0,8000,0.002371,3,Inf,0,0.012,0,0.02
"122",28079029,93,1,2,2,0.6,50,0.1,1,0.01,0.01,1500,0.002,0.01,0,100,500,8000,0,200,1,1,71,0,0,8000,0.002726,3,Inf,0,0.018,0,0.04
"123",28374559,94,1,2,2,0.6,50,0.1,1,0.01,0.01,1500,0.002,0.01,0,100,500,8000,0,200,1,1,71,0,0,8000,0.00322,3,Inf,0.003103983,0.008,0.005578947,0.02
"124",28988907,95,3,2,2,0.6,50,0.1,1,0.01,0.01,1500,0.002,0.01,0,100,500,8000,0,200,1,1,71,0,0,8000,0.005198,3,Inf,0.001037075,0.008,0.003157895,0.02
"125",29043443,96,3,2,2,0.6,50,0.1,1,0.01,0.01,1500,0.002,0.01,0,100,500,8000,0,200,1,1,71,0,0,8000,0.007831,3,Inf,0,0.014,0,0.02
"126",29908673,97,5,2,2,0.6,50,0.1,1,0.01,0.01,1500,0.002,0.01,0,100,500,8000,0,200,1,1,71,0,0,8000,0.060239,3,Inf,0.6557716,0.056,0.7864211,0.02
"127",30013956,99,3,2,2,0.6,50,0.1,1,0.01,0.01,1500,0.002,0.01,0,100,500,8000,0,200,1,1,71,0,0,8000,0.006115,3,Inf,0.00312256,0.01,0.005684211,0.01
"128",30922106,100,3,2,2,0.6,50,0.1,1,0.01,0.01,1500,0.002,0.01,0,100,500,8000,0,200,1,1,71,0,0,8000,0.00727,3,Inf,0,0.012,0,0.02
"129",31539566,101,3,2,2,0.6,50,0.1,1,0.01,0.01,1500,0.002,0.01,0,100,500,8000,0,200,1,1,71,0,0,8000,0.027669,3,Inf,0,0.01,0,0.02
"130",31811190,102,3,2,2,0.6,50,0.1,1,0.01,0.01,1500,0.002,0.01,0,100,500,8000,0,200,1,1,71,0,0,8000,0.00594,3,Inf,0,0.01,0,0.04
"131",31893508,103,3,2,2,0.6,50,0.1,1,0.01,0.01,1500,0.002,0.01,0,100,500,8000,0,200,1,1,71,0,0,8000,0.06125,3,Inf,0.002906977,0.008,0.007368421,0.01
"132",31914928,104,3,2,2,0.6,50,0.1,1,0.01,0.01,1500,0.002,0.01,0,100,500,8000,0,200,1,1,71,0,0,8000,0.007012,3,Inf,0.002365309,0.01,0.005684211,0.02
"133",32236448,105,1,2,2,0.6,50,0.1,1,0.01,0.01,1500,0.002,0.01,0,100,500,8000,0,200,1,1,71,0,0,8000,0.003392,3,Inf,0,0.01,0,0.02
"134",32570487,106,5,2,2,0.6,50,0.1,1,0.01,0.01,1500,0.002,0.01,0,100,500,8000,0,200,1,1,71,0,0,8000,0.056304,3,Inf,0.595378,0.046,0.7338947,0.02
"135",32884828,107,5,2,2,0.6,50,0.1,1,0.01,0.01,1500,0.002,0.01,0,100,500,8000,0,200,1,1,71,0,0,8000,0.166733,3,Inf,0.6474037,0.056,0.7865263,0.04
"136",33009376,108,3,2,2,0.6,50,0.1,1,0.01,0.01,1500,0.002,0.01,0,100,500,8000,0,200,1,1,71,0,0,8000,0.008257,3,Inf,0.003597122,0.014,0.006210526,0.02
"137",33195188,109,1,2,2,0.6,50,0.1,1,0.01,0.01,1500,0.002,0.01,0,100,500,8000,0,200,1,1,71,0,0,8000,0.002715,3,Inf,0.000509165,0.014,0.001789474,0.04
"138",33248463,110,1,2,2,0.6,50,0.1,1,0.01,0.01,1500,0.002,0.01,0,100,500,8000,0,200,1,1,71,0,0,8000,0.010209,3,Inf,0,0.008,0.004736842,0.02
"139",33335116,111,3,2,2,0.6,50,0.1,1,0.01,0.01,1500,0.002,0.01,0,100,500,8000,0,200,1,1,71,0,0,8000,0.30128,3,Inf,0.002536783,0.014,0.004736842,0.04
"140",33357018,112,5,2,2,0.6,50,0.1,1,0.01,0.01,1500,0.002,0.01,0,100,500,8000,0,200,1,1,71,0,0,8000,0.154093,3,Inf,0.3501754,0.05,0.5233684,0.04
"141",33964411,113,5,2,2,0.6,50,0.1,1,0.01,0.01,1500,0.002,0.01,0,100,500,8000,0,200,1,1,71,0,0,8000,0.221386,3,Inf,0.5231763,0.064,0.6808421,0.04
"142",33985609,114,1,2,2,0.6,50,0.1,1,0.01,0.01,1500,0.002,0.01,0,100,500,8000,0,200,1,1,71,0,0,8000,0.060659,3,Inf,0.004380314,0.01,0.007368421,0.02
"143",34065553,115,3,2,2,0.6,50,0.1,1,0.01,0.01,1500,0.002,0.01,0,100,500,8000,0,200,1,1,71,0,0,8000,0.005826,3,Inf,0.006418485,0.018,0.01442105,0.01
"144",34132287,116,1,2,2,0.6,50,0.1,1,0.01,0.01,1500,0.002,0.01,0,100,500,8000,0,200,1,1,71,0,0,8000,0.003799,3,Inf,0,0.014,0,0.02
"145",34443675,117,5,2,2,0.6,50,0.1,1,0.01,0.01,1500,0.002,0.01,0,100,500,8000,0,200,1,1,71,0,0,8000,0.120218,3,Inf,0.3711268,0.064,0.5228421,0.02
"146",34505242,118,3,2,2,0.6,50,0.1,1,0.01,0.01,1500,0.002,0.01,0,100,500,8000,0,200,1,1,71,0,0,8000,0.006418,3,Inf,0,0.01,0,0.04
"147",34518156,119,5,2,2,0.6,50,0.1,1,0.01,0.01,1500,0.002,0.01,0,100,500,8000,0,200,1,1,71,0,0,8000,0.009506,3,Inf,0.7328708,0.076,0.8383158,0.01
"148",34950781,121,1,2,2,0.6,50,0.1,1,0.01,0.01,1500,0.002,0.01,0,100,500,8000,0,200,1,1,71,0,0,8000,0.002539,3,Inf,0.002818345,0.008,0.005368421,0.02
"149",35128428,122,1,2,2,0.6,50,0.1,1,0.01,0.01,1500,0.002,0.01,0,100,500,8000,0,200,1,1,71,0,0,8000,0.016634,3,Inf,0,0.018,0,0.04
"150",35409420,123,3,2,2,0.6,50,0.1,1,0.01,0.01,1500,0.002,0.01,0,100,500,8000,0,200,1,1,71,0,0,8000,0.00655,3,Inf,0,0.01,0,0.02
"151",35693505,124,5,2,2,0.6,50,0.1,1,0.01,0.01,1500,0.002,0.01,0,100,500,8000,0,200,1,1,71,0,0,8000,0.127467,3,Inf,0.1158589,0.056,0.2087368,0.04
"152",35818028,126,3,2,2,0.6,50,0.1,1,0.01,0.01,1500,0.002,0.01,0,100,500,8000,0,200,1,1,71,0,0,8000,0.009078,3,Inf,0,0.02,0,0.02
"153",36506336,127,1,2,2,0.6,50,0.1,1,0.01,0.01,1500,0.002,0.01,0,100,500,8000,0,200,1,1,71,0,0,8000,0.002055,3,Inf,0,0.006,0,0.02
"154",36602581,128,1,2,2,0.6,50,0.1,1,0.01,0.01,1500,0.002,0.01,0,100,500,8000,0,200,1,1,71,0,0,8000,0.002446,3,Inf,0.008803729,0.02,0.01842105,0.01
"155",36924748,129,3,2,2,0.6,50,0.1,1,0.01,0.01,1500,0.002,0.01,0,100,500,8000,0,200,1,1,71,0,0,8000,0.04749,3,Inf,0,0.014,0,0.04
"156",37089618,130,3,2,2,0.6,50,0.1,1,0.01,0.01,1500,0.002,0.01,0,100,500,8000,0,200,1,1,71,0,0,8000,0.008024,3,Inf,0.002030972,0.018,0.004947368,0.01
"157",37110260,131,3,2,2,0.6,50,0.1,1,0.01,0.01,1500,0.002,0.01,0,100,500,8000,0,200,1,1,71,0,0,8000,0.014198,3,Inf,0,0.022,0.0001052632,0.01
"158",37407817,133,3,2,2,0.6,50,0.1,1,0.01,0.01,1500,0.002,0.01,0,100,500,8000,0,200,1,1,71,0,0,8000,0.006206,3,Inf,0,0.016,0,0.02
"159",37554512,134,5,2,2,0.6,50,0.1,1,0.01,0.01,1500,0.002,0.01,0,100,500,8000,0,200,1,1,71,0,0,8000,0.036546,3,Inf,0.7439655,0.078,0.8378947,0.01
"160",37624510,135,3,2,2,0.6,50,0.1,1,0.01,0.01,1500,0.002,0.01,0,100,500,8000,0,200,1,1,71,0,0,8000,0.010574,3,Inf,0,0.018,0,0.02
"161",37862400,136,3,2,2,0.6,50,0.1,1,0.01,0.01,1500,0.002,0.01,0,100,500,8000,0,200,1,1,71,0,0,8000,0.010591,3,Inf,0,0.02,0,0.02
"162",37945447,137,3,2,2,0.6,50,0.1,1,0.01,0.01,1500,0.002,0.01,0,100,500,8000,0,200,1,1,71,0,0,8000,0.852469,3,Inf,0,0.008,0,0.04
"163",38143189,138,3,2,2,0.6,50,0.1,1,0.01,0.01,1500,0.002,0.01,0,100,500,8000,0,200,1,1,71,0,0,8000,0.03829,3,Inf,0,0.012,0,0.04
"164",38230441,139,5,2,2,0.6,50,0.1,1,0.01,0.01,1500,0.002,0.01,0,100,500,8000,0,200,1,1,71,0,0,8000,0.014296,3,Inf,0.6035102,0.058,0.7407368,0.01
"165",38519209,140,3,2,2,0.6,50,0.1,1,0.01,0.01,1500,0.002,0.01,0,100,500,8000,0,200,1,1,71,0,0,8000,0.115586,3,Inf,0,0.018,0,0.02
"166",38543683,141,3,2,2,0.6,50,0.1,1,0.01,0.01,1500,0.002,0.01,0,100,500,8000,0,200,1,1,71,0,0,8000,0.005874,3,Inf,0,0.014,0,0.01
"167",38579339,142,1,2,2,0.6,50,0.1,1,0.01,0.01,1500,0.002,0.01,0,100,500,8000,0,200,1,1,71,0,0,8000,0.027926,3,Inf,0,0.014,0,0.04
"168",38849829,143,1,2,2,0.6,50,0.1,1,0.01,0.01,1500,0.002,0.01,0,100,500,8000,0,200,1,1,71,0,0,8000,0.117749,3,Inf,0,0.014,0,0.04
"169",39235908,144,3,2,2,0.6,50,0.1,1,0.01,0.01,1500,0.002,0.01,0,100,500,8000,0,200,1,1,71,0,0,8000,0.020713,3,Inf,0,0.014,0,0.01
"170",39606812,145,3,2,2,0.6,50,0.1,1,0.01,0.01,1500,0.002,0.01,0,100,500,8000,0,200,1,1,71,0,0,8000,0.020103,3,Inf,0,0.018,0,0.02
"171",39779531,146,3,2,2,0.6,50,0.1,1,0.01,0.01,1500,0.002,0.01,0,100,500,8000,0,200,1,1,71,0,0,8000,0.007864,3,Inf,0,0.01,0,0.04
"172",39973694,147,1,2,2,0.6,50,0.1,1,0.01,0.01,1500,0.002,0.01,0,100,500,8000,0,200,1,1,71,0,0,8000,0.002522,3,Inf,0.002357255,0.024,0.004631579,0.02
"173",40118085,148,1,2,2,0.6,50,0.1,1,0.01,0.01,1500,0.002,0.01,0,100,500,8000,0,200,1,1,71,0,0,8000,0.003493,3,Inf,0.003174603,0.008,0.005684211,0.01
"174",40354130,149,5,2,2,0.6,50,0.1,1,0.01,0.01,1500,0.002,0.01,0,100,500,8000,0,200,1,1,71,0,0,8000,0.220804,3,Inf,0.652212,0.086,0.7847368,0.02
"175",40851676,150,3,2,2,0.6,50,0.1,1,0.01,0.01,1500,0.002,0.01,0,100,500,8000,0,200,1,1,71,0,0,8000,0.029441,3,Inf,0.001023018,0.018,0.004210526,0.04
"176",41062465,151,3,2,2,0.6,50,0.1,1,0.01,0.01,1500,0.002,0.01,0,100,500,8000,0,200,1,1,71,0,0,8000.001,0.030225,3,Inf,0.006079027,0.014,0.01526316,0.01
"177",41408841,152,5,2,2,0.6,50,0.1,1,0.01,0.01,1500,0.002,0.01,0,100,500,8000,0,200,1,1,71,0,0,8000,0.01441,3,Inf,0.7170665,0.09,0.8375789,0.01
"178",41481156,153,3,2,2,0.6,50,0.1,1,0.01,0.01,1500,0.002,0.01,0,100,500,8000,0,200,1,1,71,0,0,8000,0.010669,3,Inf,0,0.014,0,0.02
"179",41487124,154,3,2,2,0.6,50,0.1,1,0.01,0.01,1500,0.002,0.01,0,100,500,8000,0,200,1,1,71,0,0,8000,0.0065,3,Inf,0,0.016,0,0.02
"180",41746153,155,3,2,2,0.6,50,0.1,1,0.01,0.01,1500,0.002,0.01,0,100,500,8000,0,200,1,1,71,0,0,8000,0.030582,3,Inf,0,0.02,0,0.01
"181",42086148,156,5,2,2,0.6,50,0.1,1,0.01,0.01,1500,0.002,0.01,0,100,500,8000,0,200,1,1,71,0,0,8000,0.008579,3,Inf,0.421944,0.07,0.5826316,0.02
"182",42257219,157,1,2,2,0.6,50,0.1,1,0.01,0.01,1500,0.002,0.01,0,100,500,8000,0,200,1,1,71,0,0,8000,0.002775,3,Inf,0.002850479,0.014,0.006736842,0.02
"183",42425400,158,3,2,2,0.6,50,0.1,1,0.01,0.01,1500,0.002,0.01,0,100,500,8000,0,200,1,1,71,0,0,8000,0.00533,3,Inf,0,0.02,0,0.04
"184",42915867,159,5,2,2,0.6,50,0.1,1,0.01,0.01,1500,0.002,0.01,0,100,500,8000,0,200,1,1,71,0,0,8000,0.01966,3,Inf,0.364726,0.064,0.5281053,0.04
"185",43073853,160,5,2,2,0.6,50,0.1,1,0.01,0.01,1500,0.002,0.01,0,100,500,8000,0,200,1,1,71,0,0,8000,0.014511,3,Inf,0.8982387,0.104,0.9417895,0.01
"186",43670946,162,1,2,2,0.6,50,0.1,1,0.01,0.01,1500,0.002,0.01,0,100,500,8000,0,200,1,1,71,0,0,8000,0.006602,3,Inf,0,0.014,0,0.02
"187",43797252,163,5,2,2,0.6,50,0.1,1,0.01,0.01,1500,0.002,0.01,0,100,500,8000,0,200,1,1,71,0,0,8000,0.166162,3,Inf,0.5816667,0.064,0.7333684,0.04
"188",43874604,164,5,2,2,0.6,50,0.1,1,0.01,0.01,1500,0.002,0.01,0,100,500,8000,0,200,1,1,71,0,0,8000,0.145161,3,Inf,0.9051517,0.11,0.9416842,0.01
"189",44253091,165,1,2,2,0.6,50,0.1,1,0.01,0.01,1500,0.002,0.01,0,100,500,8000,0,200,1,1,71,0,0,8000,0.002033,3,Inf,0.002846054,0.012,0.009473684,0.01
"190",44698864,166,3,2,2,0.6,50,0.1,1,0.01,0.01,1500,0.002,0.01,0,100,500,8000,0,200,1,1,71,0,0,8000,0.151495,3,Inf,0,0.014,0,0.04
"191",45122029,167,3,2,2,0.6,50,0.1,1,0.01,0.01,1500,0.002,0.01,0,100,500,8000,0,200,1,1,71,0,0,8000,0.137136,3,Inf,0,0.004,0,0.02
"192",45138951,168,1,2,2,0.6,50,0.1,1,0.01,0.01,1500,0.002,0.01,0,100,500,8000,0,200,1,1,71,0,0,8000,0.003172,3,Inf,0.001006796,0.02,0.004421053,0.04
"193",45968127,169,1,2,2,0.6,50,0.1,1,0.01,0.01,1500,0.002,0.01,0,100,500,8000,0,200,1,1,71,0,0,8000,0.002379,3,Inf,0,0.012,0,0.01
"194",46010813,170,3,2,2,0.6,50,0.1,1,0.01,0.01,1500,0.002,0.01,0,100,500,8000,0,200,1,1,71,0,0,8000,0.119486,3,Inf,0,0.01,0,0.04
"195",46014579,171,1,2,2,0.6,50,0.1,1,0.01,0.01,1500,0.002,0.01,0,100,500,8000,0,200,1,1,71,0,0,8000,0.003097,3,Inf,0.00778412,0.018,0.01421053,0.01
"196",46396837,173,3,2,2,0.6,50,0.1,1,0.01,0.01,1500,0.002,0.01,0,100,500,8000,0,200,1,1,71,0,0,8000,1.151177,3,Inf,0,0.014,0,0.02
"197",46608417,174,5,2,2,0.6,50,0.1,1,0.01,0.01,1500,0.002,0.01,0,100,500,8000,0,200,1,1,71,0,0,8000,0.19684,3,Inf,0.7481546,0.084,0.8376842,0.02
"198",46744215,175,1,2,2,0.6,50,0.1,1,0.01,0.01,1500,0.002,0.01,0,100,500,8000,0,200,1,1,71,0,0,8000,0.009128,3,Inf,0.004415584,0.016,0.006421053,0.01
"199",46764883,176,3,2,2,0.6,50,0.1,1,0.01,0.01,1500,0.002,0.01,0,100,500,8000,0,200,1,1,71,0,0,8000,0.316665,3,Inf,0,0.016,0,0.02
"200",46767207,177,5,2,2,0.6,50,0.1,1,0.01,0.01,1500,0.002,0.01,0,100,500,8000,0,200,1,1,71,0,0,8000,0.010298,3,Inf,0.818954,0.07,0.8912632,0.01
"201",46778586,178,3,2,2,0.6,50,0.1,1,0.01,0.01,1500,0.002,0.01,0,100,500,8000,0,200,1,1,71,0,0,8000,0.006876,3,Inf,0,0.016,0,0.01
"202",46896622,179,3,2,2,0.6,50,0.1,1,0.01,0.01,1500,0.002,0.01,0,100,500,8000,0,200,1,1,71,0,0,8000,0.007663,3,Inf,0.002515091,0.012,0.007368421,0.04
"203",47451208,180,3,2,2,0.6,50,0.1,1,0.01,0.01,1500,0.002,0.01,0,100,500,8000,0,200,1,1,71,0,0,8000,0.088031,3,Inf,0,0.014,0,0.04
"204",47474082,181,5,2,2,0.6,50,0.1,1,0.01,0.01,1500,0.002,0.01,0,100,500,8000,0,200,1,1,71,0,0,8000,0.074947,3,Inf,0.7265416,0.068,0.8387368,0.02
"205",47711033,182,5,2,2,0.6,50,0.1,1,0.01,0.01,1500,0.002,0.01,0,100,500,8000,0,200,1,1,71,0,0,8000,0.104541,3,Inf,0.8992951,0.094,0.9425263,0.01
"206",47747238,183,5,2,2,0.6,50,0.1,1,0.01,0.01,1500,0.002,0.01,0,100,500,8000,0,200,1,1,71,0,0,8000,0.065279,3,Inf,0.6466036,0.102,0.7846316,0.02
"207",47788996,184,3,2,2,0.6,50,0.1,1,0.01,0.01,1500,0.002,0.01,0,100,500,8000,0,200,1,1,71,0,0,8000,0.184286,3,Inf,0,0.018,0,0.04
"208",48689052,185,3,2,2,0.6,50,0.1,1,0.01,0.01,1500,0.002,0.01,0,100,500,8000,0,200,1,1,71,0,0,8000,0.084005,3,Inf,0,0.022,0,0.04
"209",48744996,186,3,2,2,0.6,50,0.1,1,0.01,0.01,1500,0.002,0.01,0,100,500,8000,0,200,1,1,71,0,0,8000.001,0.017985,3,Inf,0.003327361,0.022,0.006105263,0.01
"210",48790139,187,1,2,2,0.6,50,0.1,1,0.01,0.01,1500,0.002,0.01,0,100,500,8000,0,200,1,1,71,0,0,8000,0.002903,3,Inf,0,0.014,0,0.04
"211",48959572,188,5,2,2,0.6,50,0.1,1,0.01,0.01,1500,0.002,0.01,0,100,500,8000,0,200,1,1,71,0,0,8000,0.222496,3,Inf,0.6626705,0.062,0.7861053,0.01
"212",49491754,189,5,2,2,0.6,50,0.1,1,0.01,0.01,1500,0.002,0.01,0,100,500,8000,0,200,1,1,71,0,0,8000,0.104764,3,Inf,0.6793861,0.07,0.7862105,0.01
"213",49539006,190,1,2,2,0.6,50,0.1,1,0.01,0.01,1500,0.002,0.01,0,100,500,8000,0,200,1,1,71,0,0,8000,0.006768,3,Inf,0,0.01,0,0.01
"214",49854736,191,1,2,2,0.6,50,0.1,1,0.01,0.01,1500,0.002,0.01,0,100,500,8000,0,200,1,1,71,0,0,8000,0.002806,3,Inf,0,0.02,0,0.04
"215",49890422,192,3,2,2,0.6,50,0.1,1,0.01,0.01,1500,0.002,0.01,0,100,500,8000,0,200,1,1,71,0,0,8000,0.00551,3,Inf,0,0.006,0,0.02
"216",50209274,193,3,2,2,0.6,50,0.1,1,0.01,0.01,1500,0.002,0.01,0,100,500,8000,0,200,1,1,71,0,0,8000,0.006182,3,Inf,0,0.01,0,0.01
"217",50511495,194,3,2,2,0.6,50,0.1,1,0.01,0.01,1500,0.002,0.01,0,100,500,8000,0,200,1,1,71,0,0,8000,2.26941,3,Inf,0,0.016,0,0.04
"218",50654669,195,1,2,2,0.6,50,0.1,1,0.01,0.01,1500,0.002,0.01,0,100,500,8000,0,200,1,1,71,0,0,8000,0.003271,3,Inf,0.001315097,0.016,0.005157895,0.01
"219",50802501,196,5,2,2,0.6,50,0.1,1,0.01,0.01,1500,0.002,0.01,0,100,500,8000,0,200,1,1,71,0,0,8000,0.02809,3,Inf,0.4729282,0.068,0.6281053,0.04
"220",50843548,197,1,2,2,0.6,50,0.1,1,0.01,0.01,1500,0.002,0.01,0,100,500,8000,0,200,1,1,71,0,0,8000,0.003051,3,Inf,0.003653445,0.022,0.007368421,0.01
"221",50993282,198,5,2,2,0.6,50,0.1,1,0.01,0.01,1500,0.002,0.01,0,100,500,8000,0,200,1,1,71,0,0,8000,0.012476,3,Inf,0.7116238,0.112,0.8365263,0.02
"222",51539502,199,1,2,2,0.6,50,0.1,1,0.01,0.01,1500,0.002,0.01,0,100,500,8000,0,200,1,1,71,0,0,8000,0.003209,3,Inf,0,0.008,0,0.01
"223",51861293,202,5,2,2,0.6,50,0.1,1,0.01,0.01,1500,0.002,0.01,0,100,500,8000,0,200,1,1,71,0,0,8000,0.166046,3,Inf,0.723133,0.056,0.8389474,0.01
"224",51945606,203,1,2,2,0.6,50,0.1,1,0.01,0.01,1500,0.002,0.01,0,100,500,8000,0,200,1,1,71,0,0,8000,0.00242,3,Inf,0,0.014,0,0.02
"225",52229297,204,5,2,2,0.6,50,0.1,1,0.01,0.01,1500,0.002,0.01,0,100,500,8000,0,200,1,1,71,0,0,8000,0.221544,3,Inf,0.5429225,0.054,0.6811579,0.04
"226",52406916,205,5,2,2,0.6,50,0.1,1,0.01,0.01,1500,0.002,0.01,0,100,500,8000,0,200,1,1,71,0,0,8000,0.046111,3,Inf,0.9090909,0.102,0.9423158,0.01
"227",52416382,206,5,2,2,0.6,50,0.1,1,0.01,0.01,1500,0.002,0.01,0,100,500,8000,0,200,1,1,71,0,0,8000,0.024166,3,Inf,0.7288889,0.07,0.8382105,0.01
"228",52643957,207,3,2,2,0.6,50,0.1,1,0.01,0.01,1500,0.002,0.01,0,100,500,8000,0,200,1,1,71,0,0,8000,0.047955,3,Inf,0,0.022,0,0.04
"229",52837940,208,3,2,2,0.6,50,0.1,1,0.01,0.01,1500,0.002,0.01,0,100,500,8000,0,200,1,1,71,0,0,8000,0.063958,3,Inf,0,0.006,0,0.04
"230",53026917,209,5,2,2,0.6,50,0.1,1,0.01,0.01,1500,0.002,0.01,0,100,500,8000,0,200,1,1,71,0,0,8000,0.027091,3,Inf,0.3100068,0.048,0.4712632,0.04
"231",54625503,210,1,2,2,0.6,50,0.1,1,0.01,0.01,1500,0.002,0.01,0,100,500,8000,0,200,1,1,71,0,0,8000,0.116745,3,Inf,0,0.016,0,0.04
"232",54634826,211,5,2,2,0.6,50,0.1,1,0.01,0.01,1500,0.002,0.01,0,100,500,8000,0,200,1,1,71,0,0,8000,0.116145,3,Inf,0.4626203,0.05,0.6292632,0.04
"233",54841575,212,3,2,2,0.6,50,0.1,1,0.01,0.01,1500,0.002,0.01,0,100,500,8000,0,200,1,1,71,0,0,8000,0.008802,3,Inf,0.002320186,0.016,0.005684211,0.01
"234",54866805,213,3,2,2,0.6,50,0.1,1,0.01,0.01,1500,0.002,0.01,0,100,500,8000,0,200,1,1,71,0,0,8000,0.006556,3,Inf,0.004670472,0.03,0.008736842,0.01
"235",55001795,214,5,2,2,0.6,50,0.1,1,0.01,0.01,1500,0.002,0.01,0,100,500,8000,0,200,1,1,71,0,0,8000,0.139592,3,Inf,0.5799916,0.074,0.7384211,0.04
"236",55361391,215,5,2,2,0.6,50,0.1,1,0.01,0.01,1500,0.002,0.01,0,100,500,8000,0,200,1,1,71,0,0,8000,0.205284,3,Inf,0.5731018,0.074,0.7328421,0.01
"237",56151234,217,1,2,2,0.6,50,0.1,1,0.01,0.01,1500,0.002,0.01,0,100,500,8000,0,200,1,1,71,0,0,8000,0.003453,3,Inf,0.007235142,0.02,0.01284211,0.01
"238",56604925,219,1,2,2,0.6,50,0.1,1,0.01,0.01,1500,0.002,0.01,0,100,500,8000,0,200,1,1,71,0,0,8000,0.002375,3,Inf,0,0.012,0,0.02
"239",56657205,220,3,2,2,0.6,50,0.1,1,0.01,0.01,1500,0.002,0.01,0,100,500,8000,0,200,1,1,71,0,0,8000,0.062382,3,Inf,0,0.018,0,0.04
"240",57131739,221,1,2,2,0.6,50,0.1,1,0.01,0.01,1500,0.002,0.01,0,100,500,8000,0,200,1,1,71,0,0,8000,0.018432,3,Inf,0,0.016,0,0.01
"241",57134922,222,1,2,2,0.6,50,0.1,1,0.01,0.01,1500,0.002,0.01,0,100,500,8000,0,200,1,1,71,0,0,8000,0.006313,3,Inf,0,0.014,0,0.04
"242",57197383,223,1,2,2,0.6,50,0.1,1,0.01,0.01,1500,0.002,0.01,0,100,500,8000,0,200,1,1,71,0,0,8000,0.003441,3,Inf,0.006261414,0.008,0.01315789,0.01
"243",57592296,224,3,2,2,0.6,50,0.1,1,0.01,0.01,1500,0.002,0.01,0,100,500,8000,0,200,1,1,71,0,0,8000,0.007588,3,Inf,0.002293578,0.016,0.006315789,0.02
"244",57721938,225,5,2,2,0.6,50,0.1,1,0.01,0.01,1500,0.002,0.01,0,100,500,8000,0,200,1,1,71,0,0,8000,0.047573,3,Inf,0.5221543,0.066,0.6838947,0.02
"245",57747636,226,5,2,2,0.6,50,0.1,1,0.01,0.01,1500,0.002,0.01,0,100,500,8000,0,200,1,1,71,0,0,8000,0.009266,3,Inf,0.5931373,0.072,0.7326316,0.02
"246",57931705,227,1,2,2,0.6,50,0.1,1,0.01,0.01,1500,0.002,0.01,0,100,500,8000,0,200,1,1,71,0,0,8000,0.044962,3,Inf,0.002774975,0.014,0.005473684,0.04
"247",58133698,228,1,2,2,0.6,50,0.1,1,0.01,0.01,1500,0.002,0.01,0,100,500,8000,0,200,1,1,71,0,0,8000,0.003017,3,Inf,0,0.014,0,0.02
"248",58214156,229,1,2,2,0.6,50,0.1,1,0.01,0.01,1500,0.002,0.01,0,100,500,8000,0,200,1,1,71,0,0,8000,0.002864,3,Inf,0,0.01,0,0.02
"249",58224403,230,5,2,2,0.6,50,0.1,1,0.01,0.01,1500,0.002,0.01,0,100,500,8000,0,200,1,1,71,0,0,8000,0.019131,3,Inf,0.7240289,0.11,0.836,0.02
"250",58502649,232,5,2,2,0.6,50,0.1,1,0.01,0.01,1500,0.002,0.01,0,100,500,8000,0,200,1,1,71,0,0,8000,0.170173,3,Inf,0.4031008,0.082,0.5749474,0.04
"251",58610065,233,1,2,2,0.6,50,0.1,1,0.01,0.01,1500,0.002,0.01,0,100,500,8000,0,200,1,1,71,0,0,8000,0.004418,3,Inf,0,0.03,0,0.02
"252",58618461,234,1,2,2,0.6,50,0.1,1,0.01,0.01,1500,0.002,0.01,0,100,500,8000,0,200,1,1,71,0,0,8000,0.015901,3,Inf,0,0.006,0,0.04
"253",58709296,235,5,2,2,0.6,50,0.1,1,0.01,0.01,1500,0.002,0.01,0,100,500,8000,0,200,1,1,71,0,0,8000,0.109461,3,Inf,0.4803922,0.066,0.6283158,0.04
"254",58865852,236,1,2,2,0.6,50,0.1,1,0.01,0.01,1500,0.002,0.01,0,100,500,8000,0,200,1,1,71,0,0,8000,0.003696,3,Inf,0,0.016,0,0.02
"255",59021705,237,3,2,2,0.6,50,0.1,1,0.01,0.01,1500,0.002,0.01,0,100,500,8000,0,200,1,1,71,0,0,8000,0.006773,3,Inf,0,0.02,0,0.02
"256",59233170,238,1,2,2,0.6,50,0.1,1,0.01,0.01,1500,0.002,0.01,0,100,500,8000,0,200,1,1,71,0,0,8000,0.0289,3,Inf,0,0.008,0,0.02
"257",59338004,240,1,2,2,0.6,50,0.1,1,0.01,0.01,1500,0.002,0.01,0,100,500,8000,0,200,1,1,71,0,0,8000,0.002201,3,Inf,0,0.008,0,0.02
"258",59386875,241,3,2,2,0.6,50,0.1,1,0.01,0.01,1500,0.002,0.01,0,100,500,8000,0,200,1,1,71,0,0,8000.001,0.007361,3,Inf,0.004036327,0.008,0.007052632,0.01
"259",59810695,242,1,2,2,0.6,50,0.1,1,0.01,0.01,1500,0.002,0.01,0,100,500,8000,0,200,1,1,71,0,0,8000,0.117666,3,Inf,0.0002477087,0.014,0.002105263,0.04
"260",59958802,243,1,2,2,0.6,50,0.1,1,0.01,0.01,1500,0.002,0.01,0,100,500,8000,0,200,1,1,71,0,0,8000,0.010752,3,Inf,0.003337612,0.01,0.007578947,0.02
"261",60100049,244,3,2,2,0.6,50,0.1,1,0.01,0.01,1500,0.002,0.01,0,100,500,8000,0,200,1,1,71,0,0,8000,0.027677,3,Inf,0,0.014,0,0.04
"262",60401884,245,1,2,2,0.6,50,0.1,1,0.01,0.01,1500,0.002,0.01,0,100,500,8000,0,200,1,1,71,0,0,8000,0.172303,3,Inf,0,0.016,0,0.02
"263",60666280,246,3,2,2,0.6,50,0.1,1,0.01,0.01,1500,0.002,0.01,0,100,500,8000,0,200,1,1,71,0,0,8000,0.005079,3,Inf,0,0.008,0,0.02
"264",60901199,247,1,2,2,0.6,50,0.1,1,0.01,0.01,1500,0.002,0.01,0,100,500,8000,0,200,1,1,71,0,0,8000,0.096852,3,Inf,0,0.028,0.0004210526,0.02
"265",61085106,248,1,2,2,0.6,50,0.1,1,0.01,0.01,1500,0.002,0.01,0,100,500,8000,0,200,1,1,71,0,0,8000,0.003014,3,Inf,0,0.01,0,0.02
"266",61104885,249,1,2,2,0.6,50,0.1,1,0.01,0.01,1500,0.002,0.01,0,100,500,8000,0,200,1,1,71,0,0,8000,0.003057,3,Inf,0,0.022,0,0.01
"267",61719332,250,5,2,2,0.6,50,0.1,1,0.01,0.01,1500,0.002,0.01,0,100,500,8000,0,200,1,1,71,0,0,8000,0.144342,3,Inf,0.714539,0.08,0.838,0.02
"268",61901860,251,5,2,2,0.6,50,0.1,1,0.01,0.01,1500,0.002,0.01,0,100,500,8000,0,200,1,1,71,0,0,8000,0.176278,3,Inf,0.4751668,0.076,0.6268421,0.04
"269",61963598,252,3,2,2,0.6,50,0.1,1,0.01,0.01,1500,0.002,0.01,0,100,500,8000,0,200,1,1,71,0,0,8000,0.160383,3,Inf,0,0.008,0,0.04
"270",62495253,253,5,2,2,0.6,50,0.1,1,0.01,0.01,1500,0.002,0.01,0,100,500,8000,0,200,1,1,71,0,0,8000,0.058592,3,Inf,0.4609009,0.05,0.6289474,0.04
"271",62576219,254,5,2,2,0.6,50,0.1,1,0.01,0.01,1500,0.002,0.01,0,100,500,8000,0,200,1,1,71,0,0,8000,0.017262,3,Inf,0.6776227,0.082,0.7974737,0.01
"272",62841732,256,1,2,2,0.6,50,0.1,1,0.01,0.01,1500,0.002,0.01,0,100,500,8000,0,200,1,1,71,0,0,8000,0.003004,3,Inf,0,0.018,0,0.04
"273",63683641,258,3,2,2,0.6,50,0.1,1,0.01,0.01,1500,0.002,0.01,0,100,500,8000,0,200,1,1,71,0,0,8000,0.011689,3,Inf,0,0.002,0,0.04
"274",64372023,259,7,2,2,0.6,50,0.1,1,0.01,0.01,1500,0.002,0.01,0,100,500,8000,0,200,1,1,71,0,0,8000,0.038903,3,Inf,0.5966521,0.07,0.7335789,0.01
"275",64528062,260,1,2,2,0.6,50,0.1,1,0.01,0.01,1500,0.002,0.01,0,100,500,8000,0,200,1,1,71,0,0,8000,0.002584,3,Inf,0.005994266,0.012,0.01157895,0.01
"276",64539598,261,5,2,2,0.6,50,0.1,1,0.01,0.01,1500,0.002,0.01,0,100,500,8000,0,200,1,1,71,0,0,8000,0.169676,3,Inf,0.8022814,0.102,0.8892632,0.01
"277",64606613,262,1,2,2,0.6,50,0.1,1,0.01,0.01,1500,0.002,0.01,0,100,500,8000,0,200,1,1,71,0,0,8000,0.002777,3,Inf,0.005291005,0.006,0.01105263,0.01
"278",64646167,263,1,2,2,0.6,50,0.1,1,0.01,0.01,1500,0.002,0.01,0,100,500,8000,0,200,1,1,71,0,0,8000,0.002988,3,Inf,0,0.012,0,0.04
"279",65197776,264,5,2,2,0.6,50,0.1,1,0.01,0.01,1500,0.002,0.01,0,100,500,8000,0,200,1,1,71,0,0,8000,0.01252,3,Inf,0.7239513,0.08,0.8376842,0.02
"280",65359118,265,5,2,2,0.6,50,0.1,1,0.01,0.01,1500,0.002,0.01,0,100,500,8000,0,200,1,1,71,0,0,8000,0.012501,3,Inf,0.6501706,0.074,0.7851579,0.01
"281",65544562,266,3,2,2,0.6,50,0.1,1,0.01,0.01,1500,0.002,0.01,0,100,500,8000,0,200,1,1,71,0,0,8000,0.00688,3,Inf,0.003622251,0.01,0.01021053,0.01
"282",65882231,267,3,2,2,0.6,50,0.1,1,0.01,0.01,1500,0.002,0.01,0,100,500,8000,0,200,1,1,71,0,0,8000,0.053424,3,Inf,0,0.012,0,0.02
"283",65935343,268,1,2,2,0.6,50,0.1,1,0.01,0.01,1500,0.002,0.01,0,100,500,8000,0,200,1,1,71,0,0,8000,0.010177,3,Inf,0.003038744,0.006,0.007157895,0.02
"284",66163751,270,1,2,2,0.6,50,0.1,1,0.01,0.01,1500,0.002,0.01,0,100,500,8000,0,200,1,1,71,0,0,8000,0.057432,3,Inf,0,0.01,0,0.04
"285",66278882,271,5,2,2,0.6,50,0.1,1,0.01,0.01,1500,0.002,0.01,0,100,500,8000,0,200,1,1,71,0,0,8000,0.067158,3,Inf,0.456281,0.054,0.6285263,0.02
"286",66317585,272,5,2,2,0.6,50,0.1,1,0.01,0.01,1500,0.002,0.01,0,100,500,8000,0,200,1,1,71,0,0,8000,0.06517,3,Inf,0.5735415,0.09,0.7322105,0.04
"287",67141201,273,3,2,2,0.6,50,0.1,1,0.01,0.01,1500,0.002,0.01,0,100,500,8000,0,200,1,1,71,0,0,8000,0.005424,3,Inf,0.004704652,0.014,0.01031579,0.01
"288",67792476,274,3,2,2,0.6,50,0.1,1,0.01,0.01,1500,0.002,0.01,0,100,500,8000,0,200,1,1,71,0,0,8000,0.005182,3,Inf,0.004774536,0.014,0.01231579,0.01
"289",67855596,275,1,2,2,0.6,50,0.1,1,0.01,0.01,1500,0.002,0.01,0,100,500,8000,0,200,1,1,71,0,0,8000,0.002075,3,Inf,0,0.01,0,0.04
"290",68103863,276,3,2,2,0.6,50,0.1,1,0.01,0.01,1500,0.002,0.01,0,100,500,8000,0,200,1,1,71,0,0,8000,0.093541,3,Inf,0.00173525,0.006,0.004105263,0.04
"291",68741109,277,5,2,2,0.6,50,0.1,1,0.01,0.01,1500,0.002,0.01,0,100,500,8000,0,200,1,1,71,0,0,8000,0.073218,3,Inf,0.9024857,0.05,0.9448421,0.02
"292",68930087,279,3,2,2,0.6,50,0.1,1,0.01,0.01,1500,0.002,0.01,0,100,500,8000,0,200,1,1,71,0,0,8000,0.32615,3,Inf,0.001806452,0.006,0.005473684,0.04
"293",68980510,280,5,2,2,0.6,50,0.1,1,0.01,0.01,1500,0.002,0.01,0,100,500,8000,0,200,1,1,71,0,0,8000,0.080282,3,Inf,0.5841463,0.08,0.7324211,0.02
"294",69723494,281,1,2,2,0.6,50,0.1,1,0.01,0.01,1500,0.002,0.01,0,100,500,8000,0,200,1,1,71,0,0,8000,0.003016,3,Inf,0,0.02,0,0.04
"295",69840744,282,5,2,2,0.6,50,0.1,1,0.01,0.01,1500,0.002,0.01,0,100,500,8000,0,200,1,1,71,0,0,8000,0.159344,3,Inf,0.6446068,0.062,0.7862105,0.02
"296",70138412,283,5,2,2,0.6,50,0.1,1,0.01,0.01,1500,0.002,0.01,0,100,500,8000,0,200,1,1,71,0,0,8000,0.217975,3,Inf,0.6504333,0.044,0.7870526,0.04
"297",70236117,284,1,2,2,0.6,50,0.1,1,0.01,0.01,1500,0.002,0.01,0,100,500,8000,0,200,1,1,71,0,0,8000,0.0076,3,Inf,0,0.022,0,0.01
"298",70281829,285,7,2,2,0.6,50,0.1,1,0.01,0.01,1500,0.002,0.01,0,100,500,8000,0,200,1,1,71,0,0,8000,0.14401,3,Inf,0.7276368,0.068,0.8385263,0.01
"299",70876655,286,1,2,2,0.6,50,0.1,1,0.01,0.01,1500,0.002,0.01,0,100,500,8000,0,200,1,1,71,0,0,8000.001,0.003475,3,Inf,0,0.018,0,0.01
"300",71112494,287,3,2,2,0.6,50,0.1,1,0.01,0.01,1500,0.002,0.01,0,100,500,8000,0,200,1,1,71,0,0,8000,0.009345,3,Inf,0.0002608242,0.014,0.0005263158,0.01
"301",71179237,288,1,2,2,0.6,50,0.1,1,0.01,0.01,1500,0.002,0.01,0,100,500,8000,0,200,1,1,71,0,0,8000,0.00362,3,Inf,0.003367003,0.016,0.006842105,0.01
"302",71317298,289,3,2,2,0.6,50,0.1,1,0.01,0.01,1500,0.002,0.01,0,100,500,8000,0,200,1,1,71,0,0,8000,0.011847,3,Inf,0,0.014,0,0.01
"303",71396528,291,1,2,2,0.6,50,0.1,1,0.01,0.01,1500,0.002,0.01,0,100,500,8000,0,200,1,1,71,0,0,8000,0.002065,3,Inf,0,0.016,0,0.04
"304",72123799,292,5,2,2,0.6,50,0.1,1,0.01,0.01,1500,0.002,0.01,0,100,500,8000,0,200,1,1,71,0,0,8000,0.115057,3,Inf,0.5183782,0.048,0.6814737,0.02
"305",72635765,293,1,2,2,0.6,50,0.1,1,0.01,0.01,1500,0.002,0.01,0,100,500,8000,0,200,1,1,71,0,0,8000,0.005542,3,Inf,0.005972475,0.01,0.01526316,0.01
"306",72639812,294,5,2,2,0.6,50,0.1,1,0.01,0.01,1500,0.002,0.01,0,100,500,8000,0,200,1,1,71,0,0,8000,0.019798,3,Inf,0.5918288,0.07,0.7329474,0.04
"307",72899666,295,3,2,2,0.6,50,0.1,1,0.01,0.01,1500,0.002,0.01,0,100,500,8000,0,200,1,1,71,0,0,8000,0.00882,3,Inf,0,0.022,0,0.02
"308",73253616,296,1,2,2,0.6,50,0.1,1,0.01,0.01,1500,0.002,0.01,0,100,500,8000,0,200,1,1,71,0,0,8000,0.006735,3,Inf,0,0.01,0,0.04
"309",73501754,297,5,2,2,0.6,50,0.1,1,0.01,0.01,1500,0.002,0.01,0,100,500,8000,0,200,1,1,71,0,0,8000,0.170706,3,Inf,0.7392086,0.11,0.8366316,0.02
"310",73673075,298,1,2,2,0.6,50,0.1,1,0.01,0.01,1500,0.002,0.01,0,100,500,8000,0,200,1,1,71,0,0,8000,0.002936,3,Inf,0.00233827,0.012,0.01105263,0.01
"311",73812112,299,5,2,2,0.6,50,0.1,1,0.01,0.01,1500,0.002,0.01,0,100,500,8000,0,200,1,1,71,0,0,8000,0.011616,3,Inf,0.7437691,0.084,0.8375789,0.02
"312",74191774,300,3,2,2,0.6,50,0.1,1,0.01,0.01,1500,0.002,0.01,0,100,500,8000,0,200,1,1,71,0,0,8000.001,0.009618,3,Inf,0,0.018,0.0001052632,0.01
"313",74680357,301,5,2,2,0.6,50,0.1,1,0.01,0.01,1500,0.002,0.01,0,100,500,8000,0,200,1,1,71,0,0,8000,0.031879,3,Inf,0.5833333,0.052,0.7332632,0.02
"314",75072804,302,3,2,2,0.6,50,0.1,1,0.01,0.01,1500,0.002,0.01,0,100,500,8000,0,200,1,1,71,0,0,8000,0.01119,3,Inf,0,0.014,0,0.02
"315",75720196,303,1,2,2,0.6,50,0.1,1,0.01,0.01,1500,0.002,0.01,0,100,500,8000,0,200,1,1,71,0,0,8000,0.003335,3,Inf,0.0002554278,0.012,0.004421053,0.02
"316",75884957,304,3,2,2,0.6,50,0.1,1,0.01,0.01,1500,0.002,0.01,0,100,500,8000,0,200,1,1,71,0,0,8000,0.010967,3,Inf,0,0.018,0.001684211,0.04
"317",75899204,305,3,2,2,0.6,50,0.1,1,0.01,0.01,1500,0.002,0.01,0,100,500,8000,0,200,1,1,71,0,0,8000,0.005988,3,Inf,0,0.012,0,0.01
"318",76184958,307,3,2,2,0.6,50,0.1,1,0.01,0.01,1500,0.002,0.01,0,100,500,8000,0,200,1,1,71,0,0,8000,0.100454,3,Inf,0,0.012,0,0.04
"319",76668829,308,1,2,2,0.6,50,0.1,1,0.01,0.01,1500,0.002,0.01,0,100,500,8000,0,200,1,1,71,0,0,8000,0.001655,3,Inf,0,0.01,0.0002105263,0.01
"320",76923634,309,5,2,2,0.6,50,0.1,1,0.01,0.01,1500,0.002,0.01,0,100,500,8000,0,200,1,1,71,0,0,8000,0.019956,3,Inf,0.5968127,0.058,0.7346316,0.02
"321",76933665,310,5,2,2,0.6,50,0.1,1,0.01,0.01,1500,0.002,0.01,0,100,500,8000,0,200,1,1,71,0,0,8000,0.041822,3,Inf,0.5381306,0.062,0.6804211,0.02
"322",77214820,312,3,2,2,0.6,50,0.1,1,0.01,0.01,1500,0.002,0.01,0,100,500,8000,0,200,1,1,71,0,0,8000,0.120273,3,Inf,0,0.01,0,0.04
"323",77320029,313,5,2,2,0.6,50,0.1,1,0.01,0.01,1500,0.002,0.01,0,100,500,8000,0,200,1,1,71,0,0,8000,0.060336,3,Inf,0.7265791,0.092,0.8371579,0.01
"324",77431274,314,1,2,2,0.6,50,0.1,1,0.01,0.01,1500,0.002,0.01,0,100,500,8000,0,200,1,1,71,0,0,8000,0.011753,3,Inf,0,0.01,0,0.04
"325",77458682,315,1,2,2,0.6,50,0.1,1,0.01,0.01,1500,0.002,0.01,0,100,500,8000,0,200,1,1,71,0,0,8000,0.00259,3,Inf,0.003894081,0.016,0.01115789,0.01
"326",77565196,316,5,2,2,0.6,50,0.1,1,0.01,0.01,1500,0.002,0.01,0,100,500,8000,0,200,1,1,71,0,0,8000,0.027422,3,Inf,0.4814241,0.072,0.6349474,0.02
"327",77971411,317,1,2,2,0.6,50,0.1,1,0.01,0.01,1500,0.002,0.01,0,100,500,8000,0,200,1,1,71,0,0,8000,0.002857,3,Inf,0,0.008,0,0.04
"328",77972393,318,1,2,2,0.6,50,0.1,1,0.01,0.01,1500,0.002,0.01,0,100,500,8000,0,200,1,1,71,0,0,8000,0.108138,3,Inf,0,0.022,0.0006315789,0.04
"329",78180499,319,1,2,2,0.6,50,0.1,1,0.01,0.01,1500,0.002,0.01,0,100,500,8000,0,200,1,1,71,0,0,8000,0.009858,3,Inf,0,0.024,0,0.02
"330",78416256,320,1,2,2,0.6,50,0.1,1,0.01,0.01,1500,0.002,0.01,0,100,500,8000,0,200,1,1,71,0,0,8000,0.128652,3,Inf,0,0.01,0,0.04
"331",78683014,322,1,2,2,0.6,50,0.1,1,0.01,0.01,1500,0.002,0.01,0,100,500,8000,0,200,1,1,71,0,0,8000,0.002588,3,Inf,0.002568053,0.014,0.005789474,0.01
"332",79175768,325,3,2,2,0.6,50,0.1,1,0.01,0.01,1500,0.002,0.01,0,100,500,8000,0,200,1,1,71,0,0,8000,0.005135,3,Inf,0.0007660878,0.01,0.003368421,0.02
"333",79898045,328,3,2,2,0.6,50,0.1,1,0.01,0.01,1500,0.002,0.01,0,100,500,8000,0,200,1,1,71,0,0,8000,0.004956,3,Inf,0.003346203,0.016,0.01021053,0.01
"334",79909589,329,5,2,2,0.6,50,0.1,1,0.01,0.01,1500,0.002,0.01,0,100,500,8000,0,200,1,1,71,0,0,8000,0.055276,3,Inf,0.7484472,0.05,0.8394737,0.01
"335",80569151,330,3,2,2,0.6,50,0.1,1,0.01,0.01,1500,0.002,0.01,0,100,500,8000,0,200,1,1,71,0,0,8000,0.00627,3,Inf,0.005698006,0.018,0.012,0.02
"336",80867303,331,5,2,2,0.6,50,0.1,1,0.01,0.01,1500,0.002,0.01,0,100,500,8000,0,200,1,1,71,0,0,8000,0.011257,3,Inf,0.5335131,0.062,0.6852632,0.02
"337",80876099,332,3,2,2,0.6,50,0.1,1,0.01,0.01,1500,0.002,0.01,0,100,500,8000,0,200,1,1,71,0,0,8000,0.013774,3,Inf,0.00654279,0.018,0.01284211,0.01
"338",81292562,333,1,2,2,0.6,50,0.1,1,0.01,0.01,1500,0.002,0.01,0,100,500,8000,0,200,1,1,71,0,0,8000,0.005235,3,Inf,0,0.004,0,0.02
"339",81348109,334,5,2,2,0.6,50,0.1,1,0.01,0.01,1500,0.002,0.01,0,100,500,8000,0,200,1,1,71,0,0,8000,0.032142,3,Inf,0.451081,0.068,0.6282105,0.02
"340",81893659,335,1,2,2,0.6,50,0.1,1,0.01,0.01,1500,0.002,0.01,0,100,500,8000,0,200,1,1,71,0,0,8000,0.002497,3,Inf,0,0.008,0,0.04
"341",82026981,336,3,2,2,0.6,50,0.1,1,0.01,0.01,1500,0.002,0.01,0,100,500,8000,0,200,1,1,71,0,0,8000,0.032968,3,Inf,0,0.016,0,0.02
"342",82062202,337,5,2,2,0.6,50,0.1,1,0.01,0.01,1500,0.002,0.01,0,100,500,8000,0,200,1,1,71,0,0,8000,0.101207,3,Inf,0.7218115,0.092,0.8372632,0.01
"343",82115579,338,3,2,2,0.6,50,0.1,1,0.01,0.01,1500,0.002,0.01,0,100,500,8000,0,200,1,1,71,0,0,8000,0.084807,3,Inf,0,0.006,0,0.04
"344",82318891,339,3,2,2,0.6,50,0.1,1,0.01,0.01,1500,0.002,0.01,0,100,500,8000,0,200,1,1,71,0,0,8000,0.006394,3,Inf,0.00337487,0.03,0.006421053,0.01
"345",82990617,340,1,2,2,0.6,50,0.1,1,0.01,0.01,1500,0.002,0.01,0,100,500,8000,0,200,1,1,71,0,0,8000,0.002912,3,Inf,0.001815824,0.01,0.005894737,0.01
"346",83020412,341,1,2,2,0.6,50,0.1,1,0.01,0.01,1500,0.002,0.01,0,100,500,8000,0,200,1,1,71,0,0,8000,0.002304,3,Inf,0.004933783,0.008,0.01031579,0.01
"347",83032160,342,3,2,2,0.6,50,0.1,1,0.01,0.01,1500,0.002,0.01,0,100,500,8000,0,200,1,1,71,0,0,8000,0.010535,3,Inf,0.003334188,0.018,0.006842105,0.01
"348",83101215,343,3,2,2,0.6,50,0.1,1,0.01,0.01,1500,0.002,0.01,0,100,500,8000,0,200,1,1,71,0,0,8000,0.05787,3,Inf,0.007316436,0.004,0.01147368,0.01
"349",83163219,344,3,2,2,0.6,50,0.1,1,0.01,0.01,1500,0.002,0.01,0,100,500,8000,0,200,1,1,71,0,0,8000,0.014618,3,Inf,0.003079292,0.02,0.005157895,0.01
"350",83201890,345,3,2,2,0.6,50,0.1,1,0.01,0.01,1500,0.002,0.01,0,100,500,8000,0,200,1,1,71,0,0,8000,0.005929,3,Inf,0.001571092,0.024,0.006,0.01
"351",83231794,346,1,2,2,0.6,50,0.1,1,0.01,0.01,1500,0.002,0.01,0,100,500,8000,0,200,1,1,71,0,0,8000,0.003113,3,Inf,0,0.008,0,0.02
"352",83239476,347,3,2,2,0.6,50,0.1,1,0.01,0.01,1500,0.002,0.01,0,100,500,8000,0,200,1,1,71,0,0,8000,0.008954,3,Inf,0,0.016,0,0.04
"353",83327548,348,3,2,2,0.6,50,0.1,1,0.01,0.01,1500,0.002,0.01,0,100,500,8000,0,200,1,1,71,0,0,8000,0.161357,3,Inf,0,0.01,0,0.02
"354",83771768,349,1,2,2,0.6,50,0.1,1,0.01,0.01,1500,0.002,0.01,0,100,500,8000,0,200,1,1,71,0,0,8000,0.002809,3,Inf,0.005485893,0.014,0.007473684,0.01
"355",83839988,350,3,2,2,0.6,50,0.1,1,0.01,0.01,1500,0.002,0.01,0,100,500,8000,0,200,1,1,71,0,0,8000,0.042302,3,Inf,0,0.004,0,0.04
"356",84261438,351,3,2,2,0.6,50,0.1,1,0.01,0.01,1500,0.002,0.01,0,100,500,8000,0,200,1,1,71,0,0,8000,0.11721,3,Inf,0,0.016,0,0.02
"357",84464068,352,3,2,2,0.6,50,0.1,1,0.01,0.01,1500,0.002,0.01,0,100,500,8000,0,200,1,1,71,0,0,8000,0.005116,3,Inf,0,0.008,0,0.02
"358",84544071,353,5,2,2,0.6,50,0.1,1,0.01,0.01,1500,0.002,0.01,0,100,500,8000,0,200,1,1,71,0,0,8000,0.024992,3,Inf,0.5730337,0.052,0.7342105,0.01
"359",85130942,354,5,2,2,0.6,50,0.1,1,0.01,0.01,1500,0.002,0.01,0,100,500,8000,0,200,1,1,71,0,0,8000,0.03919,3,Inf,0.6542096,0.062,0.7854737,0.01
"360",85175420,355,1,2,2,0.6,50,0.1,1,0.01,0.01,1500,0.002,0.01,0,100,500,8000,0,200,1,1,71,0,0,8000,0.002623,3,Inf,0,0.016,0,0.02
"361",86030747,357,3,2,2,0.6,50,0.1,1,0.01,0.01,1500,0.002,0.01,0,100,500,8000,0,200,1,1,71,0,0,8000,0.07421,3,Inf,0,0.016,0,0.04
"362",86192771,358,1,2,2,0.6,50,0.1,1,0.01,0.01,1500,0.002,0.01,0,100,500,8000,0,200,1,1,71,0,0,8000,0.002743,3,Inf,0,0.016,0,0.02
"363",86215243,359,1,2,2,0.6,50,0.1,1,0.01,0.01,1500,0.002,0.01,0,100,500,8000,0,200,1,1,71,0,0,8000,0.003361,3,Inf,0.0007682458,0.014,0.004,0.01
"364",86275043,360,5,2,2,0.6,50,0.1,1,0.01,0.01,1500,0.002,0.01,0,100,500,8000,0,200,1,1,71,0,0,8000,0.01152,3,Inf,0.4799263,0.056,0.6285263,0.01
"365",87536753,361,5,2,2,0.6,50,0.1,1,0.01,0.01,1500,0.002,0.01,0,100,500,8000,0,200,1,1,71,0,0,8000,0.088488,3,Inf,0.7216066,0.08,0.838,0.04
"366",87698464,362,5,2,2,0.6,50,0.1,1,0.01,0.01,1500,0.002,0.01,0,100,500,8000,0,200,1,1,71,0,0,8000,0.055993,3,Inf,0.9010618,0.064,0.9437895,0.01
"367",87896898,363,1,2,2,0.6,50,0.1,1,0.01,0.01,1500,0.002,0.01,0,100,500,8000,0,200,1,1,71,0,0,8000,0.009111,3,Inf,0,0.012,0,0.02
"368",88326520,364,5,2,2,0.6,50,0.1,1,0.01,0.01,1500,0.002,0.01,0,100,500,8000,0,200,1,1,71,0,0,8000,0.01212,3,Inf,0.5301488,0.082,0.6797895,0.01
"369",88327191,365,3,2,2,0.6,50,0.1,1,0.01,0.01,1500,0.002,0.01,0,100,500,8000,0,200,1,1,71,0,0,8000,0.018871,3,Inf,0.007718034,0.006,0.01557895,0.01
"370",88744286,366,1,2,2,0.6,50,0.1,1,0.01,0.01,1500,0.002,0.01,0,100,500,8000,0,200,1,1,71,0,0,8000,0.196763,3,Inf,0,0.01,0,0.04
"371",89147937,367,1,2,2,0.6,50,0.1,1,0.01,0.01,1500,0.002,0.01,0,100,500,8000,0,200,1,1,71,0,0,8000,0.158328,3,Inf,0,0.022,0,0.04
"372",89157075,368,3,2,2,0.6,50,0.1,1,0.01,0.01,1500,0.002,0.01,0,100,500,8000,0,200,1,1,71,0,0,8000,0.005757,3,Inf,0,0.022,0,0.02
"373",89681890,369,5,2,2,0.6,50,0.1,1,0.01,0.01,1500,0.002,0.01,0,100,500,8000,0,200,1,1,71,0,0,8000,0.053484,3,Inf,0.6540264,0.084,0.7853684,0.04
"374",90026356,370,1,2,2,0.6,50,0.1,1,0.01,0.01,1500,0.002,0.01,0,100,500,8000,0,200,1,1,71,0,0,8000,0.002887,3,Inf,0,0.008,0,0.04
"375",90035816,371,1,2,2,0.6,50,0.1,1,0.01,0.01,1500,0.002,0.01,0,100,500,8000,0,200,1,1,71,0,0,8000,0.005093,3,Inf,0,0.012,0,0.02
"376",90406957,372,3,2,2,0.6,50,0.1,1,0.01,0.01,1500,0.002,0.01,0,100,500,8000,0,200,1,1,71,0,0,8000,0.023723,3,Inf,0,0.016,0,0.04
"377",90509853,373,1,2,2,0.6,50,0.1,1,0.01,0.01,1500,0.002,0.01,0,100,500,8000,0,200,1,1,71,0,0,8000,0.002217,3,Inf,0,0.012,0,0.01
"378",90963840,374,3,2,2,0.6,50,0.1,1,0.01,0.01,1500,0.002,0.01,0,100,500,8000,0,200,1,1,71,0,0,8000,0.014393,3,Inf,0,0.026,0,0.01
"379",91405060,375,5,2,2,0.6,50,0.1,1,0.01,0.01,1500,0.002,0.01,0,100,500,8000,0,200,1,1,71,0,0,8000,0.032247,3,Inf,0.5981232,0.066,0.7334737,0.01
"380",91763726,376,1,2,2,0.6,50,0.1,1,0.01,0.01,1500,0.002,0.01,0,100,500,8000,0,200,1,1,71,0,0,8000,0.002136,3,Inf,0.008980454,0.028,0.02073684,0.01
"381",92213097,378,3,2,2,0.6,50,0.1,1,0.01,0.01,1500,0.002,0.01,0,100,500,8000,0,200,1,1,71,0,0,8000,0.020846,3,Inf,0,0.018,0,0.02
"382",92227589,379,1,2,2,0.6,50,0.1,1,0.01,0.01,1500,0.002,0.01,0,100,500,8000,0,200,1,1,71,0,0,8000,0.044244,3,Inf,0,0.014,0.0001052632,0.02
"383",92395882,381,3,2,2,0.6,50,0.1,1,0.01,0.01,1500,0.002,0.01,0,100,500,8000,0,200,1,1,71,0,0,8000,0.006093,3,Inf,0,0.006,0,0.02
"384",92595757,382,1,2,2,0.6,50,0.1,1,0.01,0.01,1500,0.002,0.01,0,100,500,8000,0,200,1,1,71,0,0,8000,0.003009,3,Inf,0,0.012,0,0.02
"385",92784040,383,3,2,2,0.6,50,0.1,1,0.01,0.01,1500,0.002,0.01,0,100,500,8000,0,200,1,1,71,0,0,8000,0.120191,3,Inf,0,0.01,0,0.04
"386",93175040,384,3,2,2,0.6,50,0.1,1,0.01,0.01,1500,0.002,0.01,0,100,500,8000,0,200,1,1,71,0,0,8000,0.018316,3,Inf,0.006046267,0.01,0.01273684,0.01
"387",93258526,385,1,2,2,0.6,50,0.1,1,0.01,0.01,1500,0.002,0.01,0,100,500,8000,0,200,1,1,71,0,0,8000,0.02385,3,Inf,0,0.022,0.0004210526,0.04
"388",93330875,386,1,2,2,0.6,50,0.1,1,0.01,0.01,1500,0.002,0.01,0,100,500,8000,0,200,1,1,71,0,0,8000,0.009177,3,Inf,0,0.012,0,0.02
"389",93436381,387,3,2,2,0.6,50,0.1,1,0.01,0.01,1500,0.002,0.01,0,100,500,8000,0,200,1,1,71,0,0,8000,0.29669,3,Inf,0.003895092,0.01,0.007263158,0.01
"390",93481877,388,3,2,2,0.6,50,0.1,1,0.01,0.01,1500,0.002,0.01,0,100,500,8000,0,200,1,1,71,0,0,8000,0.046442,3,Inf,0,0.02,0.0004210526,0.04
"391",93941060,389,1,2,2,0.6,50,0.1,1,0.01,0.01,1500,0.002,0.01,0,100,500,8000,0,200,1,1,71,0,0,8000,0.032678,3,Inf,0,0.01,0,0.04
"392",94174925,390,1,2,2,0.6,50,0.1,1,0.01,0.01,1500,0.002,0.01,0,100,500,8000,0,200,1,1,71,0,0,8000,0.002941,3,Inf,0,0.016,0,0.02
"393",94254856,391,5,2,2,0.6,50,0.1,1,0.01,0.01,1500,0.002,0.01,0,100,500,8000,0,200,1,1,71,0,0,8000,0.012737,3,Inf,0.6571547,0.07,0.7855789,0.01
"394",94440140,392,5,2,2,0.6,50,0.1,1,0.01,0.01,1500,0.002,0.01,0,100,500,8000,0,200,1,1,71,0,0,8000,0.091608,3,Inf,0.8142726,0.086,0.8903158,0.01
"395",94506245,393,1,2,2,0.6,50,0.1,1,0.01,0.01,1500,0.002,0.01,0,100,500,8000,0,200,1,1,71,0,0,8000,0.002485,3,Inf,0.003370495,0.024,0.004526316,0.04
"396",94733525,394,1,2,2,0.6,50,0.1,1,0.01,0.01,1500,0.002,0.01,0,100,500,8000,0,200,1,1,71,0,0,8000,0.002452,3,Inf,0.00895208,0.02,0.02157895,0.01
"397",95002804,395,3,2,2,0.6,50,0.1,1,0.01,0.01,1500,0.002,0.01,0,100,500,8000,0,200,1,1,71,0,0,8000,0.00614,3,Inf,0.006241873,0.016,0.01252632,0.01
"398",95154537,396,1,2,2,0.6,50,0.1,1,0.01,0.01,1500,0.002,0.01,0,100,500,8000,0,200,1,1,71,0,0,8000,0.003417,3,Inf,0,0.018,0,0.02
"399",95168124,397,3,2,2,0.6,50,0.1,1,0.01,0.01,1500,0.002,0.01,0,100,500,8000,0,200,1,1,71,0,0,8000,0.006108,3,Inf,0.006987369,0.02,0.01642105,0.01
"400",95753319,398,1,2,2,0.6,50,0.1,1,0.01,0.01,1500,0.002,0.01,0,100,500,8000,0,200,1,1,71,0,0,8000,0.004385,3,Inf,0,0.012,0,0.02
"401",96110516,399,3,2,2,0.6,50,0.1,1,0.01,0.01,1500,0.002,0.01,0,100,500,8000,0,200,1,1,71,0,0,8000,0.061214,3,Inf,0.004172099,0.018,0.006105263,0.04
"402",96147732,400,1,2,2,0.6,50,0.1,1,0.01,0.01,1500,0.002,0.01,0,100,500,8000,0,200,1,1,71,0,0,8000.001,0.00275,3,Inf,0.002556891,0.012,0.007157895,0.01
"403",96267324,401,3,2,2,0.6,50,0.1,1,0.01,0.01,1500,0.002,0.01,0,100,500,8000,0,200,1,1,71,0,0,8000,0.03178,3,Inf,0.00231899,0.014,0.006842105,0.01
"404",96680434,402,3,2,2,0.6,50,0.1,1,0.01,0.01,1500,0.002,0.01,0,100,500,8000,0,200,1,1,71,0,0,8000,0.007589,3,Inf,0,0.014,0,0.02
"405",96682082,403,5,2,2,0.6,50,0.1,1,0.01,0.01,1500,0.002,0.01,0,100,500,8000,0,200,1,1,71,0,0,8000,0.076143,3,Inf,0.5290348,0.062,0.6812632,0.04
"406",96799082,404,5,2,2,0.6,50,0.1,1,0.01,0.01,1500,0.002,0.01,0,100,500,8000,0,200,1,1,71,0,0,8000,0.094634,3,Inf,0.5741627,0.072,0.7326316,0.01
"407",97049958,405,1,2,2,0.6,50,0.1,1,0.01,0.01,1500,0.002,0.01,0,100,500,8000,0,200,1,1,71,0,0,8000,0.003358,3,Inf,0,0.018,0,0.01
"408",97431163,406,1,2,2,0.6,50,0.1,1,0.01,0.01,1500,0.002,0.01,0,100,500,8000,0,200,1,1,71,0,0,8000,0.002772,3,Inf,0.002316006,0.012,0.006210526,0.02
"409",98028770,408,1,2,2,0.6,50,0.1,1,0.01,0.01,1500,0.002,0.01,0,100,500,8000,0,200,1,1,71,0,0,8000,0.002474,3,Inf,0.002061856,0.01,0.005368421,0.01
"410",98689598,409,3,2,2,0.6,50,0.1,1,0.01,0.01,1500,0.002,0.01,0,100,500,8000,0,200,1,1,71,0,0,8000,0.006562,3,Inf,0,0.018,0,0.02
"411",98919413,412,5,2,2,0.6,50,0.1,1,0.01,0.01,1500,0.002,0.01,0,100,500,8000,0,200,1,1,71,0,0,8000,0.184048,3,Inf,0.7273113,0.07,0.838,0.04
"412",99674170,413,1,2,2,0.6,50,0.1,1,0.01,0.01,1500,0.002,0.01,0,100,500,8000,0,200,1,1,71,0,0,8000,0.003347,3,Inf,0,0.008,0,0.02
"413",99688717,414,1,2,2,0.6,50,0.1,1,0.01,0.01,1500,0.002,0.01,0,100,500,8000,0,200,1,1,71,0,0,8000,0.003199,3,Inf,0.002610966,0.022,0.006,0.01
