"","separation_distance","sites","rings","flow_rate","in_rate","out_rate","consistent_out_rate","fierce_reaction_rate","prop_formation_rate","prop_funnel_rate","prop_break_rate","adsorb_rate","default_concentration","food_concentration","site_concentration","t_max","disturb_freq","recording_freq","chemostat","introspection","stop_time_hrs","allow_stopping","reboot","Fastest_reac_rate","End_time","Runtime","Max_cycles","Facultative_modifier","Relative_concentration","Approx_unoccupied_pixels","Sites_occupied","ID"
"1",1,2,2,0.6,50,0.1,1,0.01,0.01,1500,0.002,0.01,0,100,500,200,0,4,1,1,71,0,0,0.01,200,0.00546,3,Inf,0.3497433,0.026,0.4109474,11397594
"2",1,2,2,0.6,50,0.1,1,0.01,0.01,1500,0.002,0.01,0,100,500,200,0,4,1,1,71,0,0,0.01,200.0003,0.00135,3,Inf,0.3151659,0.018,0.3770526,11852376
"3",9,2,2,0.6,50,0.1,1,0.01,0.01,1500,0.002,0.01,0,100,500,10000,0,200,1,1,71,0,0,0.01,10000,0.022756,3,Inf,0.8600482,0.024,0.8936842,1229217
"4",1,2,2,0.6,50,0.1,1,0.01,0.01,1500,0.002,0.01,0,100,500,200,0,4,1,1,71,0,0,0.01,200.0006,0.001516,3,Inf,0.3395154,0.022,0.3908421,1234987
"5",7,2,2,0.6,50,0.1,1,0.01,0.01,1500,0.002,0.01,0,100,500,3500,0,70,1,1,71,0,0,0.01,3500,0.004855,3,Inf,0.9345762,0.05,0.9447368,12572278
"6",5,2,2,0.6,50,0.1,1,0.01,0.01,1500,0.002,0.01,0,100,500,1000,0,20,1,1,71,0,0,0.01,1000,0.004851,3,Inf,0.9297259,0.052,0.9446316,12603345
"7",3,2,2,0.6,50,0.1,1,0.01,0.01,1500,0.002,0.01,0,100,500,400,0,8,1,1,71,0,0,0.01,400,0.004944,3,Inf,0.7143808,0.036,0.7790526,12880366
"8",9,2,2,0.6,50,0.1,1,0.01,0.01,1500,0.002,0.01,0,100,500,10000,0,200,1,1,71,0,0,0.01,10000,0.057876,3,Inf,0.9240332,0.038,0.9453684,12936522
"9",9,2,2,0.6,50,0.1,1,0.01,0.01,1500,0.002,0.01,0,100,500,10000,0,200,1,1,71,0,0,0.01,10000,0.007065,3,Inf,0.9275466,0.03,0.9457895,12947362
"10",3,2,2,0.6,50,0.1,1,0.01,0.01,1500,0.002,0.01,0,100,500,400,0,8,1,1,71,0,0,0.01,400,0.004322,3,Inf,0.7066844,0.032,0.774,13689915
"11",9,2,2,0.6,50,0.1,1,0.01,0.01,1500,0.002,0.01,0,100,500,10000,0,200,1,1,71,0,0,0.01,10000,0.022643,3,Inf,0.9278243,0.032,0.9456842,15689220
"12",1,2,2,0.6,50,0.1,1,0.01,0.01,1500,0.002,0.01,0,100,500,200,0,4,1,1,71,0,0,0.01,200.0001,0.002076,3,Inf,0.2361795,0.016,0.3049474,16116844
"13",3,2,2,0.6,50,0.1,1,0.01,0.01,1500,0.002,0.01,0,100,500,400,0,8,1,1,71,0,0,0.01,400,0.002801,3,Inf,0.5947093,0.022,0.6674737,16388518
"14",5,2,2,0.6,50,0.1,1,0.01,0.01,1500,0.002,0.01,0,100,500,1000,0,20,1,1,71,0,0,0.01,1000,0.00283,3,Inf,0.9304408,0.06,0.9445263,16479437
"15",7,2,2,0.6,50,0.1,1,0.01,0.01,1500,0.002,0.01,0,100,500,3500,0,70,1,1,71,0,0,0.01,3500,0.005288,3,Inf,0.9300554,0.048,0.9449474,16853888
"16",1,2,2,0.6,50,0.1,1,0.01,0.01,1500,0.002,0.01,0,100,500,200,0,4,1,1,71,0,0,0.01,200.0003,0.001335,3,Inf,0.4934817,0.034,0.5668421,17828232
"17",9,2,2,0.6,50,0.1,1,0.01,0.01,1500,0.002,0.01,0,100,500,10000,0,200,1,1,71,0,0,0.01,10000,0.026268,3,Inf,0.9271809,0.04,0.9453684,1786809
"18",7,2,2,0.6,50,0.1,1,0.01,0.01,1500,0.002,0.01,0,100,500,3500,0,70,1,1,71,0,0,0.01,3500,0.0035,3,Inf,0.8581173,0.038,0.8928421,17913182
"19",7,2,2,0.6,50,0.1,1,0.01,0.01,1500,0.002,0.01,0,100,500,3500,0,70,1,1,71,0,0,0.01,3500,0.004802,3,Inf,0.925608,0.04,0.9454737,18320574
"20",7,2,2,0.6,50,0.1,1,0.01,0.01,1500,0.002,0.01,0,100,500,3500,0,70,1,1,71,0,0,0.01,3500,0.006315,3,Inf,0.9253731,0.054,0.9445263,18770464
"21",5,2,2,0.6,50,0.1,1,0.01,0.01,1500,0.002,0.01,0,100,500,1000,0,20,1,1,71,0,0,0.01,1000,0.002936,3,Inf,0.802139,0.048,0.8401052,19486860
"22",3,2,2,0.6,50,0.1,1,0.01,0.01,1500,0.002,0.01,0,100,500,400,0,8,1,1,71,0,0,0.01,400.0001,0.002183,3,Inf,0.6266067,0.046,0.7042105,19625564
"23",5,2,2,0.6,50,0.1,1,0.01,0.01,1500,0.002,0.01,0,100,500,1000,0,20,1,1,71,0,0,0.01,1000,0.00326,3,Inf,0.9316835,0.042,0.9454737,19904138
"24",3,2,2,0.6,50,0.1,1,0.01,0.01,1500,0.002,0.01,0,100,500,400,0,8,1,1,71,0,0,0.01,400.0001,0.010259,3,Inf,0.7355832,0.03,0.7862105,20103836
"25",1,2,2,0.6,50,0.1,1,0.01,0.01,1500,0.002,0.01,0,100,500,200,0,4,1,1,71,0,0,0.01,200,0.001165,3,Inf,0.3640443,0.018,0.4383158,20270124
"26",7,2,2,0.6,50,0.1,1,0.01,0.01,1500,0.002,0.01,0,100,500,3500,0,70,1,1,71,0,0,0.01,3500,0.013107,3,Inf,0.9315789,0.034,0.9455789,20366128
"27",3,2,2,0.6,50,0.1,1,0.01,0.01,1500,0.002,0.01,0,100,500,400,0,8,1,1,71,0,0,0.01,400.0001,0.001941,3,Inf,0.7405676,0.034,0.7881052,21196912
"28",5,2,2,0.6,50,0.1,1,0.01,0.01,1500,0.002,0.01,0,100,500,1000,0,20,1,1,71,0,0,0.01,1000,0.003862,3,Inf,0.926491,0.034,0.9455789,23269084
"29",9,2,2,0.6,50,0.1,1,0.01,0.01,1500,0.002,0.01,0,100,500,10000,0,200,1,1,71,0,0,0.01,10000,0.012448,3,Inf,0.9321555,0.034,0.9455789,23597878
"30",3,2,2,0.6,50,0.1,1,0.01,0.01,1500,0.002,0.01,0,100,500,400,0,8,1,1,71,0,0,0.01,400.0001,0.00323,3,Inf,0.7273327,0.016,0.7861053,23680000
"31",7,2,2,0.6,50,0.1,1,0.01,0.01,1500,0.002,0.01,0,100,500,3500,0,70,1,1,71,0,0,0.01,3500,0.016675,3,Inf,0.9212402,0.056,0.9444211,23911732
"32",1,2,2,0.6,50,0.1,1,0.01,0.01,1500,0.002,0.01,0,100,500,200,0,4,1,1,71,0,0,0.01,200.0001,0.001547,3,Inf,0.2836291,0.014,0.342,24071892
"33",5,2,2,0.6,50,0.1,1,0.01,0.01,1500,0.002,0.01,0,100,500,1000,0,20,1,1,71,0,0,0.01,1000,0.004939,3,Inf,0.8638283,0.036,0.8931579,24224184
"34",7,2,2,0.6,50,0.1,1,0.01,0.01,1500,0.002,0.01,0,100,500,3500,0,70,1,1,71,0,0,0.01,3500,0.011983,3,Inf,0.9304498,0.044,0.9450526,26449336
"35",3,2,2,0.6,50,0.1,1,0.01,0.01,1500,0.002,0.01,0,100,500,400,0,8,1,1,71,0,0,0.01,400,0.003228,3,Inf,0.7745875,0.028,0.8117895,27581960
"36",3,2,2,0.6,50,0.1,1,0.01,0.01,1500,0.002,0.01,0,100,500,400,0,8,1,1,71,0,0,0.01,400.0002,0.005137,3,Inf,0.7198558,0.03,0.7851579,28941086
"37",9,2,2,0.6,50,0.1,1,0.01,0.01,1500,0.002,0.01,0,100,500,10000,0,200,1,1,71,0,0,0.01,10000,0.011752,3,Inf,0.9250086,0.028,0.9458947,28954260
"38",3,2,2,0.6,50,0.1,1,0.01,0.01,1500,0.002,0.01,0,100,500,400,0,8,1,1,71,0,0,0.01,400.0003,0.004778,3,Inf,0.669427,0.028,0.7362105,30282364
"39",5,2,2,0.6,50,0.1,1,0.01,0.01,1500,0.002,0.01,0,100,500,1000,0,20,1,1,71,0,0,0.01,1000,0.005995,3,Inf,0.7716029,0.032,0.8231579,31143960
"40",5,2,2,0.6,50,0.1,1,0.01,0.01,1500,0.002,0.01,0,100,500,1000,0,20,1,1,71,0,0,0.01,1000,0.001778,3,Inf,0.876881,0.042,0.9031579,32217558
"41",9,2,2,0.6,50,0.1,1,0.01,0.01,1500,0.002,0.01,0,100,500,10000,0,200,1,1,71,0,0,0.01,10000,0.013432,3,Inf,0.9208274,0.06,0.9442105,34168744
"42",3,2,2,0.6,50,0.1,1,0.01,0.01,1500,0.002,0.01,0,100,500,400,0,8,1,1,71,0,0,0.01,400.0002,0.003267,3,Inf,0.7034282,0.038,0.7683158,34695800
"43",9,2,2,0.6,50,0.1,1,0.01,0.01,1500,0.002,0.01,0,100,500,10000,0,200,1,1,71,0,0,0.01,10000,0.012662,3,Inf,0.929972,0.044,0.9450526,34983200
"44",5,2,2,0.6,50,0.1,1,0.01,0.01,1500,0.002,0.01,0,100,500,1000,0,20,1,1,71,0,0,0.01,1000,0.004036,3,Inf,0.8170139,0.044,0.8649474,35070168
"45",5,2,2,0.6,50,0.1,1,0.01,0.01,1500,0.002,0.01,0,100,500,1000,0,20,1,1,71,0,0,0.01,1000,0.002813,3,Inf,0.8160997,0.054,0.8528421,35167156
"46",9,2,2,0.6,50,0.1,1,0.01,0.01,1500,0.002,0.01,0,100,500,10000,0,200,1,1,71,0,0,0.01,10000,0.006936,3,Inf,0.9239326,0.052,0.9447368,35781332
"47",9,2,2,0.6,50,0.1,1,0.01,0.01,1500,0.002,0.01,0,100,500,10000,0,200,1,1,71,0,0,0.01,10000,0.00984,3,Inf,0.9281847,0.032,0.9456842,37016044
"48",9,2,2,0.6,50,0.1,1,0.01,0.01,1500,0.002,0.01,0,100,500,10000,0,200,1,1,71,0,0,0.01,10000,0.017342,3,Inf,0.8618765,0.04,0.8926316,37252908
"49",1,2,2,0.6,50,0.1,1,0.01,0.01,1500,0.002,0.01,0,100,500,200,0,4,1,1,71,0,0,0.01,200.0002,0.0025,3,Inf,0.3512121,0.02,0.4253684,37352268
"50",7,2,2,0.6,50,0.1,1,0.01,0.01,1500,0.002,0.01,0,100,500,3500,0,70,1,1,71,0,0,0.01,3500,0.004485,3,Inf,0.9236906,0.046,0.9449474,37612272
"51",5,2,2,0.6,50,0.1,1,0.01,0.01,1500,0.002,0.01,0,100,500,1000,0,20,1,1,71,0,0,0.01,1000,0.00409,3,Inf,0.9320595,0.046,0.9450526,38402192
"52",9,2,2,0.6,50,0.1,1,0.01,0.01,1500,0.002,0.01,0,100,500,10000,0,200,1,1,71,0,0,0.01,10000,0.013033,3,Inf,0.9298121,0.018,0.946421,38696696
"53",5,2,2,0.6,50,0.1,1,0.01,0.01,1500,0.002,0.01,0,100,500,1000,0,20,1,1,71,0,0,0.01,1000,0.004874,3,Inf,0.8562732,0.04,0.8928421,40556272
"54",9,2,2,0.6,50,0.1,1,0.01,0.01,1500,0.002,0.01,0,100,500,10000,0,200,1,1,71,0,0,0.01,10000,0.00916,3,Inf,0.8556449,0.046,0.8924211,42120448
"55",9,2,2,0.6,50,0.1,1,0.01,0.01,1500,0.002,0.01,0,100,500,10000,0,200,1,1,71,0,0,0.01,10000,0.008027,3,Inf,0.9332143,0.046,0.9451579,42919108
"56",1,2,2,0.6,50,0.1,1,0.01,0.01,1500,0.002,0.01,0,100,500,200,0,4,1,1,71,0,0,0.01,200.0001,0.001838,3,Inf,0.4323474,0.02,0.4894737,43112996
"57",1,2,2,0.6,50,0.1,1,0.01,0.01,1500,0.002,0.01,0,100,500,200,0,4,1,1,71,0,0,0.01,200,0.001415,3,Inf,0.3756212,0.034,0.4434737,43710984
"58",1,2,2,0.6,50,0.1,1,0.01,0.01,1500,0.002,0.01,0,100,500,200,0,4,1,1,71,0,0,0.01,200,0.001886,3,Inf,0.3408417,0.024,0.4036842,44049672
"59",5,2,2,0.6,50,0.1,1,0.01,0.01,1500,0.002,0.01,0,100,500,1000,0,20,1,1,71,0,0,0.01,1000,0.004339,3,Inf,0.8311604,0.036,0.8650526,44391524
"60",5,2,2,0.6,50,0.1,1,0.01,0.01,1500,0.002,0.01,0,100,500,1000,0,20,1,1,71,0,0,0.01,1000,0.003819,3,Inf,0.8148772,0.058,0.852,44561736
"61",9,2,2,0.6,50,0.1,1,0.01,0.01,1500,0.002,0.01,0,100,500,10000,0,200,1,1,71,0,0,0.01,10000,0.01081,3,Inf,0.9219834,0.048,0.9449474,4463953
"62",5,2,2,0.6,50,0.1,1,0.01,0.01,1500,0.002,0.01,0,100,500,1000,0,20,1,1,71,0,0,0.01,1000,0.003128,3,Inf,0.7674877,0.026,0.8143158,45833376
"63",3,2,2,0.6,50,0.1,1,0.01,0.01,1500,0.002,0.01,0,100,500,400,0,8,1,1,71,0,0,0.01,400.0001,0.003002,3,Inf,0.6981072,0.044,0.7489474,46831808
"64",9,2,2,0.6,50,0.1,1,0.01,0.01,1500,0.002,0.01,0,100,500,10000,0,200,1,1,71,0,0,0.01,10000,0.009489,3,Inf,0.9328049,0.056,0.9444211,47878708
"65",1,2,2,0.6,50,0.1,1,0.01,0.01,1500,0.002,0.01,0,100,500,200,0,4,1,1,71,0,0,0.01,200.0003,0.00187,3,Inf,0.5104371,0.032,0.5695789,48066848
"66",7,2,2,0.6,50,0.1,1,0.01,0.01,1500,0.002,0.01,0,100,500,3500,0,70,1,1,71,0,0,0.01,3500,0.005997,3,Inf,0.8815561,0.056,0.9063158,4829
"67",7,2,2,0.6,50,0.1,1,0.01,0.01,1500,0.002,0.01,0,100,500,3500,0,70,1,1,71,0,0,0.01,3500,0.008899,3,Inf,0.9331081,0.046,0.9450526,49169628
"68",3,2,2,0.6,50,0.1,1,0.01,0.01,1500,0.002,0.01,0,100,500,400,0,8,1,1,71,0,0,0.01,400,0.002956,3,Inf,0.6643678,0.05,0.7268421,50759300
"69",9,2,2,0.6,50,0.1,1,0.01,0.01,1500,0.002,0.01,0,100,500,10000,0,200,1,1,71,0,0,0.01,10000,0.008441,3,Inf,0.9366295,0.032,0.9456842,50789152
"70",7,2,2,0.6,50,0.1,1,0.01,0.01,1500,0.002,0.01,0,100,500,3500,0,70,1,1,71,0,0,0.01,3500,0.029349,3,Inf,0.9282016,0.038,0.9452631,52024648
"71",5,2,2,0.6,50,0.1,1,0.01,0.01,1500,0.002,0.01,0,100,500,1000,0,20,1,1,71,0,0,0.01,1000,0.003179,3,Inf,0.813315,0.028,0.851579,52059084
"72",3,2,2,0.6,50,0.1,1,0.01,0.01,1500,0.002,0.01,0,100,500,400,0,8,1,1,71,0,0,0.01,400,0.002462,3,Inf,0.6879106,0.02,0.7463158,52492536
"73",3,2,2,0.6,50,0.1,1,0.01,0.01,1500,0.002,0.01,0,100,500,400,0,8,1,1,71,0,0,0.01,400.0001,0.001959,3,Inf,0.8250262,0.05,0.8650526,53205372
"74",1,2,2,0.6,50,0.1,1,0.01,0.01,1500,0.002,0.01,0,100,500,200,0,4,1,1,71,0,0,0.01,200.0003,0.001163,3,Inf,0.2692977,0.018,0.3425263,54304024
"75",1,2,2,0.6,50,0.1,1,0.01,0.01,1500,0.002,0.01,0,100,500,200,0,4,1,1,71,0,0,0.01,200.0001,0.001227,3,Inf,0.4078907,0.016,0.4669474,54796840
"76",7,2,2,0.6,50,0.1,1,0.01,0.01,1500,0.002,0.01,0,100,500,3500,0,70,1,1,71,0,0,0.01,3500,0.007027,3,Inf,0.9274665,0.04,0.9452631,55288636
"77",7,2,2,0.6,50,0.1,1,0.01,0.01,1500,0.002,0.01,0,100,500,3500,0,70,1,1,71,0,0,0.01,3500,0.007783,3,Inf,0.9337075,0.066,0.9438947,56327168
"78",3,2,2,0.6,50,0.1,1,0.01,0.01,1500,0.002,0.01,0,100,500,400,0,8,1,1,71,0,0,0.01,400.0001,0.003585,3,Inf,0.6055245,0.026,0.6816842,56659952
"79",7,2,2,0.6,50,0.1,1,0.01,0.01,1500,0.002,0.01,0,100,500,3500,0,70,1,1,71,0,0,0.01,3500,0.005164,3,Inf,0.9327371,0.036,0.9456842,57759628
"80",3,2,2,0.6,50,0.1,1,0.01,0.01,1500,0.002,0.01,0,100,500,400,0,8,1,1,71,0,0,0.01,400.0001,0.005032,3,Inf,0.643131,0.036,0.7056842,58014860
"81",1,2,2,0.6,50,0.1,1,0.01,0.01,1500,0.002,0.01,0,100,500,200,0,4,1,1,71,0,0,0.01,200.0002,0.001068,3,Inf,0.3264173,0.018,0.3822105,58334416
"82",1,2,2,0.6,50,0.1,1,0.01,0.01,1500,0.002,0.01,0,100,500,200,0,4,1,1,71,0,0,0.01,200,0.001231,3,Inf,0.3780161,0.024,0.4284211,59578612
"83",5,2,2,0.6,50,0.1,1,0.01,0.01,1500,0.002,0.01,0,100,500,1000,0,20,1,1,71,0,0,0.01,1000,0.003821,3,Inf,0.7255875,0.046,0.7873684,59679216
"84",3,2,2,0.6,50,0.1,1,0.01,0.01,1500,0.002,0.01,0,100,500,400,0,8,1,1,71,0,0,0.01,400.0001,0.00421,3,Inf,0.7884743,0.04,0.8216842,6092099
"85",7,2,2,0.6,50,0.1,1,0.01,0.01,1500,0.002,0.01,0,100,500,3500,0,70,1,1,71,0,0,0.01,3500,0.007192,3,Inf,0.9239397,0.042,0.9453684,61672668
"86",1,2,2,0.6,50,0.1,1,0.01,0.01,1500,0.002,0.01,0,100,500,200,0,4,1,1,71,0,0,0.01,200.0001,0.00157,3,Inf,0.4995372,0.018,0.5505263,62361176
"87",9,2,2,0.6,50,0.1,1,0.01,0.01,1500,0.002,0.01,0,100,500,10000,0,200,1,1,71,0,0,0.01,10000,0.011045,3,Inf,0.9327938,0.06,0.9443158,62548512
"88",1,2,2,0.6,50,0.1,1,0.01,0.01,1500,0.002,0.01,0,100,500,200,0,4,1,1,71,0,0,0.01,200.0001,0.00646,3,Inf,0.2874354,0.03,0.3287368,6282559
"89",1,2,2,0.6,50,0.1,1,0.01,0.01,1500,0.002,0.01,0,100,500,200,0,4,1,1,71,0,0,0.01,200.0002,0.001512,3,Inf,0.3437216,0.02,0.4,63021788
"90",1,2,2,0.6,50,0.1,1,0.01,0.01,1500,0.002,0.01,0,100,500,200,0,4,1,1,71,0,0,0.01,200,0.001952,3,Inf,0.3828883,0.014,0.4451579,63585480
"91",1,2,2,0.6,50,0.1,1,0.01,0.01,1500,0.002,0.01,0,100,500,200,0,4,1,1,71,0,0,0.01,200.0003,0.002002,3,Inf,0.2242595,0.01,0.2836842,64259704
"92",3,2,2,0.6,50,0.1,1,0.01,0.01,1500,0.002,0.01,0,100,500,400,0,8,1,1,71,0,0,0.01,400,0.002308,3,Inf,0.7239686,0.028,0.7838947,64899432
"93",9,2,2,0.6,50,0.1,1,0.01,0.01,1500,0.002,0.01,0,100,500,10000,0,200,1,1,71,0,0,0.01,10000,0.013715,3,Inf,0.7803565,0.028,0.8407369,65109512
"94",3,2,2,0.6,50,0.1,1,0.01,0.01,1500,0.002,0.01,0,100,500,400,0,8,1,1,71,0,0,0.01,400.0002,0.001958,3,Inf,0.6106397,0.026,0.6914737,65921940
"95",1,2,2,0.6,50,0.1,1,0.01,0.01,1500,0.002,0.01,0,100,500,200,0,4,1,1,71,0,0,0.01,200.0002,0.004537,3,Inf,0.3323353,0.022,0.410421,68270224
"96",7,2,2,0.6,50,0.1,1,0.01,0.01,1500,0.002,0.01,0,100,500,3500,0,70,1,1,71,0,0,0.01,3500,0.007468,3,Inf,0.9209683,0.05,0.9448421,6841946
"97",7,2,2,0.6,50,0.1,1,0.01,0.01,1500,0.002,0.01,0,100,500,3500,0,70,1,1,71,0,0,0.01,3500,0.004769,3,Inf,0.9266462,0.054,0.9445263,6935022
"98",9,2,2,0.6,50,0.1,1,0.01,0.01,1500,0.002,0.01,0,100,500,10000,0,200,1,1,71,0,0,0.01,10000,0.007628,3,Inf,0.9297125,0.048,0.9449474,70787208
"99",7,2,2,0.6,50,0.1,1,0.01,0.01,1500,0.002,0.01,0,100,500,3500,0,70,1,1,71,0,0,0.01,3500,0.010626,3,Inf,0.9330529,0.068,0.9438947,71155008
"100",9,2,2,0.6,50,0.1,1,0.01,0.01,1500,0.002,0.01,0,100,500,10000,0,200,1,1,71,0,0,0.01,10000,0.00865,3,Inf,0.9270418,0.048,0.9450526,7155726
"101",5,2,2,0.6,50,0.1,1,0.01,0.01,1500,0.002,0.01,0,100,500,1000,0,20,1,1,71,0,0,0.01,1000,0.00558,3,Inf,0.9321113,0.042,0.9451579,71888416
"102",7,2,2,0.6,50,0.1,1,0.01,0.01,1500,0.002,0.01,0,100,500,3500,0,70,1,1,71,0,0,0.01,3500,0.008322,3,Inf,0.8768457,0.038,0.9057895,72218392
"103",9,2,2,0.6,50,0.1,1,0.01,0.01,1500,0.002,0.01,0,100,500,10000,0,200,1,1,71,0,0,0.01,10000,0.01432,3,Inf,0.9307508,0.036,0.9455789,73365384
"104",5,2,2,0.6,50,0.1,1,0.01,0.01,1500,0.002,0.01,0,100,500,1000,0,20,1,1,71,0,0,0.01,1000,0.003508,3,Inf,0.8742997,0.042,0.9030526,73574816
"105",1,2,2,0.6,50,0.1,1,0.01,0.01,1500,0.002,0.01,0,100,500,200,0,4,1,1,71,0,0,0.01,200.0001,0.001655,3,Inf,0.3142195,0.016,0.3716842,74489128
"106",5,2,2,0.6,50,0.1,1,0.01,0.01,1500,0.002,0.01,0,100,500,1000,0,20,1,1,71,0,0,0.01,1000,0.005462,3,Inf,0.8766933,0.048,0.904,74964936
"107",5,2,2,0.6,50,0.1,1,0.01,0.01,1500,0.002,0.01,0,100,500,1000,0,20,1,1,71,0,0,0.01,1000,0.010118,3,Inf,0.9283756,0.03,0.9457895,77754080
"108",1,2,2,0.6,50,0.1,1,0.01,0.01,1500,0.002,0.01,0,100,500,200,0,4,1,1,71,0,0,0.01,200.0001,0.002139,3,Inf,0.353151,0.016,0.3954737,78966456
"109",7,2,2,0.6,50,0.1,1,0.01,0.01,1500,0.002,0.01,0,100,500,3500,0,70,1,1,71,0,0,0.01,3500,0.007844,3,Inf,0.9282787,0.05,0.9448421,79256072
"110",7,2,2,0.6,50,0.1,1,0.01,0.01,1500,0.002,0.01,0,100,500,3500,0,70,1,1,71,0,0,0.01,3500,0.005281,3,Inf,0.9288718,0.062,0.9441053,79512240
"111",5,2,2,0.6,50,0.1,1,0.01,0.01,1500,0.002,0.01,0,100,500,1000,0,20,1,1,71,0,0,0.01,1000,0.005196,3,Inf,0.8900597,0.056,0.9067369,80024328
"112",9,2,2,0.6,50,0.1,1,0.01,0.01,1500,0.002,0.01,0,100,500,10000,0,200,1,1,71,0,0,0.01,10000,0.01632,3,Inf,0.9277151,0.024,0.9462105,81482048
"113",3,2,2,0.6,50,0.1,1,0.01,0.01,1500,0.002,0.01,0,100,500,400,0,8,1,1,71,0,0,0.01,400,0.002103,3,Inf,0.7012462,0.02,0.7703158,81858576
"114",5,2,2,0.6,50,0.1,1,0.01,0.01,1500,0.002,0.01,0,100,500,1000,0,20,1,1,71,0,0,0.01,1000,0.003527,3,Inf,0.8570442,0.04,0.8929474,82050896
"115",1,2,2,0.6,50,0.1,1,0.01,0.01,1500,0.002,0.01,0,100,500,200,0,4,1,1,71,0,0,0.01,200,0.001759,3,Inf,0.4823272,0.02,0.5312632,82267112
"116",9,2,2,0.6,50,0.1,1,0.01,0.01,1500,0.002,0.01,0,100,500,10000,0,200,1,1,71,0,0,0.01,10000,0.024132,3,Inf,0.927411,0.036,0.9455789,82503040
"117",3,2,2,0.6,50,0.1,1,0.01,0.01,1500,0.002,0.01,0,100,500,400,0,8,1,1,71,0,0,0.01,400.0002,0.004699,3,Inf,0.6811451,0.018,0.7457895,83503312
"118",5,2,2,0.6,50,0.1,1,0.01,0.01,1500,0.002,0.01,0,100,500,1000,0,20,1,1,71,0,0,0.01,1000,0.002579,3,Inf,0.8041523,0.046,0.851579,85128976
"119",5,2,2,0.6,50,0.1,1,0.01,0.01,1500,0.002,0.01,0,100,500,1000,0,20,1,1,71,0,0,0.01,1000,0.009847,3,Inf,0.80189,0.04,0.8516842,85285432
"120",1,2,2,0.6,50,0.1,1,0.01,0.01,1500,0.002,0.01,0,100,500,200,0,4,1,1,71,0,0,0.01,200,0.001532,3,Inf,0.3030573,0.01,0.354,85408888
"121",7,2,2,0.6,50,0.1,1,0.01,0.01,1500,0.002,0.01,0,100,500,3500,0,70,1,1,71,0,0,0.01,3500,0.005336,3,Inf,0.928212,0.036,0.9454737,85469688
"122",5,2,2,0.6,50,0.1,1,0.01,0.01,1500,0.002,0.01,0,100,500,1000,0,20,1,1,71,0,0,0.01,1000,0.005235,3,Inf,0.9221748,0.048,0.9449474,85678016
"123",1,2,2,0.6,50,0.1,1,0.01,0.01,1500,0.002,0.01,0,100,500,200,0,4,1,1,71,0,0,0.01,200,0.0025,3,Inf,0.4504505,0.012,0.5190526,85975776
"124",3,2,2,0.6,50,0.1,1,0.01,0.01,1500,0.002,0.01,0,100,500,400,0,8,1,1,71,0,0,0.01,400,0.002182,3,Inf,0.7116142,0.02,0.7763158,86012656
"125",3,2,2,0.6,50,0.1,1,0.01,0.01,1500,0.002,0.01,0,100,500,400,0,8,1,1,71,0,0,0.01,400.0002,0.003126,3,Inf,0.6217765,0.044,0.6924211,86151056
"126",3,2,2,0.6,50,0.1,1,0.01,0.01,1500,0.002,0.01,0,100,500,400,0,8,1,1,71,0,0,0.01,400,0.0025,3,Inf,0.7720637,0.042,0.8198947,86497184
"127",3,2,2,0.6,50,0.1,1,0.01,0.01,1500,0.002,0.01,0,100,500,400,0,8,1,1,71,0,0,0.01,400,0.002547,3,Inf,0.6797033,0.04,0.7431579,88843792
"128",3,2,2,0.6,50,0.1,1,0.01,0.01,1500,0.002,0.01,0,100,500,400,0,8,1,1,71,0,0,0.01,400.0001,0.002067,3,Inf,0.7377434,0.042,0.7812632,8938601
"129",9,2,2,0.6,50,0.1,1,0.01,0.01,1500,0.002,0.01,0,100,500,10000,0,200,1,1,71,0,0,0.01,10000,0.030626,3,Inf,0.9316239,0.054,0.9446316,8964441
"130",3,2,2,0.6,50,0.1,1,0.01,0.01,1500,0.002,0.01,0,100,500,400,0,8,1,1,71,0,0,0.01,400.0002,0.003504,3,Inf,0.767518,0.034,0.8233684,89658464
"131",5,2,2,0.6,50,0.1,1,0.01,0.01,1500,0.002,0.01,0,100,500,1000,0,20,1,1,71,0,0,0.01,1000,0.004476,3,Inf,0.8872951,0.04,0.906,89896776
"132",7,2,2,0.6,50,0.1,1,0.01,0.01,1500,0.002,0.01,0,100,500,3500,0,70,1,1,71,0,0,0.01,3500,0.015129,3,Inf,0.9236376,0.046,0.9449474,90484176
"133",7,2,2,0.6,50,0.1,1,0.01,0.01,1500,0.002,0.01,0,100,500,3500,0,70,1,1,71,0,0,0.01,3500,0.008147,3,Inf,0.9286939,0.018,0.946421,90533880
"134",5,2,2,0.6,50,0.1,1,0.01,0.01,1500,0.002,0.01,0,100,500,1000,0,20,1,1,71,0,0,0.01,1000,0.008345,3,Inf,0.9254766,0.042,0.9453684,90995800
"135",3,2,2,0.6,50,0.1,1,0.01,0.01,1500,0.002,0.01,0,100,500,400,0,8,1,1,71,0,0,0.01,400.0003,0.002558,3,Inf,0.6728786,0.026,0.7404211,91546864
"136",1,2,2,0.6,50,0.1,1,0.01,0.01,1500,0.002,0.01,0,100,500,200,0,4,1,1,71,0,0,0.01,200,0.005019,3,Inf,0.4974046,0.02,0.539579,92787832
"137",7,2,2,0.6,50,0.1,1,0.01,0.01,1500,0.002,0.01,0,100,500,3500,0,70,1,1,71,0,0,0.01,3500,0.005648,3,Inf,0.8812849,0.06,0.9053684,92899912
"138",1,2,2,0.6,50,0.1,1,0.01,0.01,1500,0.002,0.01,0,100,500,200,0,4,1,1,71,0,0,0.01,200,0.006457,3,Inf,0.3991403,0.012,0.4669474,93143248
"139",9,2,2,0.6,50,0.1,1,0.01,0.01,1500,0.002,0.01,0,100,500,10000,0,200,1,1,71,0,0,0.01,10000,0.015484,3,Inf,0.9296309,0.032,0.9456842,9425223
"140",3,2,2,0.6,50,0.1,1,0.01,0.01,1500,0.002,0.01,0,100,500,400,0,8,1,1,71,0,0,0.01,400,0.002535,3,Inf,0.7362529,0.016,0.7865263,94423328
"141",7,2,2,0.6,50,0.1,1,0.01,0.01,1500,0.002,0.01,0,100,500,3500,0,70,1,1,71,0,0,0.01,3500,0.012894,3,Inf,0.8662933,0.036,0.8928421,95926520
"142",7,2,2,0.6,50,0.1,1,0.01,0.01,1500,0.002,0.01,0,100,500,3500,0,70,1,1,71,0,0,0.01,3500,0.004468,3,Inf,0.9309392,0.032,0.9456842,96741688
"143",7,2,2,0.6,50,0.1,1,0.01,0.01,1500,0.002,0.01,0,100,500,3500,0,70,1,1,71,0,0,0.01,3500,0.043833,3,Inf,0.9296116,0.038,0.9453684,97086760
"144",5,2,2,0.6,50,0.1,1,0.01,0.01,1500,0.002,0.01,0,100,500,1000,0,20,1,1,71,0,0,0.01,1000,0.009393,3,Inf,0.8284746,0.052,0.8649474,9709155
"145",1,2,2,0.6,50,0.1,1,0.01,0.01,1500,0.002,0.01,0,100,500,200,0,4,1,1,71,0,0,0.01,200,0.001668,3,Inf,0.3653964,0.012,0.4242105,97238016
"146",5,2,2,0.6,50,0.1,1,0.01,0.01,1500,0.002,0.01,0,100,500,1000,0,20,1,1,71,0,0,0.01,1000,0.006578,3,Inf,0.7877686,0.036,0.828,99276176
"147",7,2,2,0.6,50,0.1,1,0.01,0.01,1500,0.002,0.01,0,100,500,3500,0,70,1,1,71,0,0,0.01,3500,0.004381,3,Inf,0.9285963,0.044,0.9450526,9963353
