"","separation_distance","sites","rings","flow_rate","in_rate","out_rate","consistent_out_rate","fierce_reaction_rate","prop_formation_rate","prop_funnel_rate","prop_break_rate","adsorb_rate","default_concentration","food_concentration","site_concentration","t_max","disturb_freq","recording_freq","chemostat","introspection","stop_time_hrs","allow_stopping","reboot","End_time","Runtime","Max_cycles","Facultative_modifier","Relative_concentration","Approx_unoccupied_pixels","Sites_occupied","ID"
"1",1,0,2,0.6,50,0.1,1,0.01,0.01,1500,0.01,0.01,0,100,500,100,0,10,1,1,71,0,0,100.0037,0.001475,3,Inf,0.06629834,0,0.15,10501361
"2",1,0,2,0.6,50,0.1,1,0.01,5e-04,1500,5e-04,0.01,0,100,500,100,0,10,1,1,71,0,0,100.0064,0.003876,3,Inf,0.4018265,0,0.416,10553567
"3",1,0,2,0.6,50,0.1,1,0.01,0.001,1500,0.001,0.01,0,100,500,100,0,10,1,1,71,0,0,100,0.001189,3,Inf,0.2702703,0,0.33,10792149
"4",1,0,2,0.6,50,0.1,1,0.01,5e-04,1500,5e-04,0.01,0,100,500,100,0,10,1,1,71,0,0,100.0025,0.001547,3,Inf,0.3815029,0,0.408,10836735
"5",1,0,2,0.6,50,0.1,1,0.01,5e-04,1500,5e-04,0.01,0,100,500,100,0,10,1,1,71,0,0,100.0009,0.001783,3,Inf,0.3681592,0,0.394,10880090
"6",1,0,2,0.6,50,0.1,1,0.01,0.2,1500,0.2,0.01,0,100,500,100,0,10,1,1,71,0,0,100.0015,0.001617,3,Inf,0.00990099,0,0.038,10959147
"7",1,0,2,0.6,50,0.1,1,0.01,1e-04,1500,1e-04,0.01,0,100,500,100,0,10,1,1,71,0,0,100.0003,0.001701,3,Inf,0.425641,0.002,0.454,11000484
"8",1,0,2,0.6,50,0.1,1,0.01,0.1,1500,0.1,0.01,0,100,500,100,0,10,1,1,71,0,0,100.0063,0.001363,3,Inf,0.0212766,0,0.042,11026805
"9",1,0,2,0.6,50,0.1,1,0.01,1e-04,1500,1e-04,0.01,0,100,500,100,0,10,1,1,71,0,0,100.0042,0.001567,3,Inf,0.4780488,0.002,0.486,11211198
"10",1,0,2,0.6,50,0.1,1,0.01,0.05,1500,0.05,0.01,0,100,500,100,0,10,1,1,71,0,0,100.0057,0.001239,3,Inf,0.01069519,0,0.046,11794159
"11",1,0,2,0.6,50,0.1,1,0.01,0.002,1500,0.002,0.01,0,100,500,100,0,10,1,1,71,0,0,100.0025,0.001668,3,Inf,0.2486486,0,0.31,11875523
"12",1,0,2,0.6,50,0.1,1,0.01,0.002,1500,0.002,0.01,0,100,500,100,0,10,1,1,71,0,0,100,0.001843,3,Inf,0.2487562,0,0.25,11907396
"13",1,0,2,0.6,50,0.1,1,0.01,0.2,1500,0.2,0.01,0,100,500,100,0,10,1,1,71,0,0,100.0011,0.001663,3,Inf,0.005319149,0,0.064,11941880
"14",1,0,2,0.6,50,0.1,1,0.01,0.002,1500,0.002,0.01,0,100,500,100,0,10,1,1,71,0,0,100.0042,0.001571,3,Inf,0.1222222,0,0.224,12302393
"15",1,0,2,0.6,50,0.1,1,0.01,0.001,1500,0.001,0.01,0,100,500,100,0,10,1,1,71,0,0,100.0036,0.001962,3,Inf,0.2636816,0,0.294,12347275
"16",1,0,2,0.6,50,0.1,1,0.01,0.1,1500,0.1,0.01,0,100,500,100,0,10,1,1,71,0,0,100.008,0.001926,3,Inf,0.01704545,0,0.054,12447733
"17",1,0,2,0.6,50,0.1,1,0.01,0.2,1500,0.2,0.01,0,100,500,100,0,10,1,1,71,0,0,100.0001,0.002618,3,Inf,0,0.004,0.028,13133763
"18",1,0,2,0.6,50,0.1,1,0.01,0.05,1500,0.05,0.01,0,100,500,100,0,10,1,1,71,0,0,100.0076,0.001582,3,Inf,0.005291005,0.002,0.044,13501473
"19",1,0,2,0.6,50,0.1,1,0.01,5e-04,1500,5e-04,0.01,0,100,500,100,0,10,1,1,71,0,0,100.0026,0.001299,3,Inf,0.368932,0,0.402,13529640
"20",1,0,2,0.6,50,0.1,1,0.01,0.1,1500,0.1,0.01,0,100,500,100,0,10,1,1,71,0,0,100.0015,0.002398,3,Inf,0.009708738,0,0.044,13629691
"21",1,0,2,0.6,50,0.1,1,0.01,1e-04,1500,1e-04,0.01,0,100,500,100,0,10,1,1,71,0,0,100.0003,0.001901,3,Inf,0.47,0.004,0.45,14131382
"22",1,0,2,0.6,50,0.1,1,0.01,0.2,1500,0.2,0.01,0,100,500,100,0,10,1,1,71,0,0,100.0004,0.001327,3,Inf,0,0,0.038,14273750
"23",1,0,2,0.6,50,0.1,1,0.01,0.001,1500,0.001,0.01,0,100,500,100,0,10,1,1,71,0,0,100.002,0.001824,3,Inf,0.3684211,0.002,0.362,14548275
"24",1,0,2,0.6,50,0.1,1,0.01,0.2,1500,0.2,0.01,0,100,500,100,0,10,1,1,71,0,0,100.0005,0.001178,3,Inf,0,0.002,0.038,14738803
"25",1,0,2,0.6,50,0.1,1,0.01,0.001,1500,0.001,0.01,0,100,500,100,0,10,1,1,71,0,0,100.0054,0.002111,3,Inf,0.2380952,0,0.266,14749975
"26",1,0,2,0.6,50,0.1,1,0.01,5e-04,1500,5e-04,0.01,0,100,500,100,0,10,1,1,71,0,0,100.012,0.00172,3,Inf,0.4126214,0.002,0.388,14805336
"27",1,0,2,0.6,50,0.1,1,0.01,1e-04,1500,1e-04,0.01,0,100,500,100,0,10,1,1,71,0,0,100.0002,0.001969,3,Inf,0.5,0.002,0.488,15179791
"28",1,0,2,0.6,50,0.1,1,0.01,5e-04,1500,5e-04,0.01,0,100,500,100,0,10,1,1,71,0,0,100.0015,0.001433,3,Inf,0.3532338,0.002,0.376,15713198
"29",1,0,2,0.6,50,0.1,1,0.01,0.002,1500,0.002,0.01,0,100,500,100,0,10,1,1,71,0,0,100.0051,0.00192,3,Inf,0.1538462,0,0.232,15766927
"30",1,0,2,0.6,50,0.1,1,0.01,2e-04,1500,2e-04,0.01,0,100,500,100,0,10,1,1,71,0,0,100.0078,0.001311,3,Inf,0.4784689,0,0.5,15868033
"31",1,0,2,0.6,50,0.1,1,0.01,0.001,1500,0.001,0.01,0,100,500,100,0,10,1,1,71,0,0,100.0039,0.001611,3,Inf,0.2346369,0,0.278,15901563
"32",1,0,2,0.6,50,0.1,1,0.01,0.1,1500,0.1,0.01,0,100,500,100,0,10,1,1,71,0,0,100.0014,0.001248,3,Inf,0,0.002,0.03,15950375
"33",1,0,2,0.6,50,0.1,1,0.01,0.001,1500,0.001,0.01,0,100,500,100,0,10,1,1,71,0,0,100.0008,0.001326,3,Inf,0.3084577,0,0.334,16229862
"34",1,0,2,0.6,50,0.1,1,0.01,5e-04,1500,5e-04,0.01,0,100,500,100,0,10,1,1,71,0,0,100.0032,0.005047,3,Inf,0.3811659,0,0.41,16262700
"35",1,0,2,0.6,50,0.1,1,0.01,2e-04,1500,2e-04,0.01,0,100,500,100,0,10,1,1,71,0,0,100.0179,0.002497,3,Inf,0.4455446,0,0.468,16312297
"36",1,0,2,0.6,50,0.1,1,0.01,2e-04,1500,2e-04,0.01,0,100,500,100,0,10,1,1,71,0,0,100.0039,0.001574,3,Inf,0.4111675,0.002,0.426,16318112
"37",1,0,2,0.6,50,0.1,1,0.01,0.01,1500,0.01,0.01,0,100,500,100,0,10,1,1,71,0,0,100.0083,0.004269,3,Inf,0.04081633,0,0.116,1641075
"38",1,0,2,0.6,50,0.1,1,0.01,0.001,1500,0.001,0.01,0,100,500,100,0,10,1,1,71,0,0,100.0069,0.00234,3,Inf,0.2670157,0.002,0.35,16433328
"39",1,0,2,0.6,50,0.1,1,0.01,0.01,1500,0.01,0.01,0,100,500,100,0,10,1,1,71,0,0,100.0063,0.00128,3,Inf,0.04301075,0,0.14,16489125
"40",1,0,2,0.6,50,0.1,1,0.01,1e-04,1500,1e-04,0.01,0,100,500,100,0,10,1,1,71,0,0,100.004,0.001838,3,Inf,0.4384236,0,0.452,17092606
"41",1,0,2,0.6,50,0.1,1,0.01,5e-04,1500,5e-04,0.01,0,100,500,100,0,10,1,1,71,0,0,100.0093,0.00159,3,Inf,0.442623,0,0.438,17139405
"42",1,0,2,0.6,50,0.1,1,0.01,0.05,1500,0.05,0.01,0,100,500,100,0,10,1,1,71,0,0,100.0009,0.001192,3,Inf,0,0,0.042,17401493
"43",1,0,2,0.6,50,0.1,1,0.01,0.001,1500,0.001,0.01,0,100,500,100,0,10,1,1,71,0,0,100.0007,0.001351,3,Inf,0.2972973,0,0.366,17515542
"44",1,0,2,0.6,50,0.1,1,0.01,1e-04,1500,1e-04,0.01,0,100,500,100,0,10,1,1,71,0,0,100.0002,0.001958,3,Inf,0.4320388,0.002,0.466,18051710
"45",1,0,2,0.6,50,0.1,1,0.01,0.05,1500,0.05,0.01,0,100,500,100,0,10,1,1,71,0,0,100.0008,0.001592,3,Inf,0.02325581,0.002,0.056,18118614
"46",1,0,2,0.6,50,0.1,1,0.01,0.05,1500,0.05,0.01,0,100,500,100,0,10,1,1,71,0,0,100.0035,0.001684,3,Inf,0.03015075,0,0.054,18153177
"47",1,0,2,0.6,50,0.1,1,0.01,0.001,1500,0.001,0.01,0,100,500,100,0,10,1,1,71,0,0,100.0011,0.002586,3,Inf,0.2596154,0,0.306,1820532
"48",1,0,2,0.6,50,0.1,1,0.01,2e-04,1500,2e-04,0.01,0,100,500,100,0,10,1,1,71,0,0,100.0023,0.001685,3,Inf,0.3819095,0,0.4,18207722
"49",1,0,2,0.6,50,0.1,1,0.01,1e-04,1500,1e-04,0.01,0,100,500,100,0,10,1,1,71,0,0,100.0028,0.001541,3,Inf,0.4653465,0.002,0.5,18224922
"50",1,0,2,0.6,50,0.1,1,0.01,0.05,1500,0.05,0.01,0,100,500,100,0,10,1,1,71,0,0,100.01,0.001692,3,Inf,0.01020408,0,0.028,18587367
"51",1,0,2,0.6,50,0.1,1,0.01,5e-04,1500,5e-04,0.01,0,100,500,100,0,10,1,1,71,0,0,100.0042,0.002112,3,Inf,0.3969849,0,0.384,18706846
"52",1,0,2,0.6,50,0.1,1,0.01,0.05,1500,0.05,0.01,0,100,500,100,0,10,1,1,71,0,0,100.0044,0.00164,3,Inf,0.015,0.002,0.04,18747313
"53",1,0,2,0.6,50,0.1,1,0.01,0.01,1500,0.01,0.01,0,100,500,100,0,10,1,1,71,0,0,100.001,0.001994,3,Inf,0.04807692,0,0.078,18756053
"54",1,0,2,0.6,50,0.1,1,0.01,1e-04,1500,1e-04,0.01,0,100,500,100,0,10,1,1,71,0,0,100.0105,0.002087,3,Inf,0.4559585,0,0.422,19397268
"55",1,0,2,0.6,50,0.1,1,0.01,5e-04,1500,5e-04,0.01,0,100,500,100,0,10,1,1,71,0,0,100.0011,0.002552,3,Inf,0.3608247,0.002,0.356,19433628
"56",1,0,2,0.6,50,0.1,1,0.01,0.001,1500,0.001,0.01,0,100,500,100,0,10,1,1,71,0,0,100.0012,0.002381,3,Inf,0.3093923,0,0.358,20436736
"57",1,0,2,0.6,50,0.1,1,0.01,0.01,1500,0.01,0.01,0,100,500,100,0,10,1,1,71,0,0,100.0061,0.002692,3,Inf,0.08205128,0.002,0.142,20520096
"58",1,0,2,0.6,50,0.1,1,0.01,0.002,1500,0.002,0.01,0,100,500,100,0,10,1,1,71,0,0,100,0.001464,3,Inf,0.2216216,0.002,0.27,20691533
"59",1,0,2,0.6,50,0.1,1,0.01,1e-04,1500,1e-04,0.01,0,100,500,100,0,10,1,1,71,0,0,100.003,0.001639,3,Inf,0.4293785,0.002,0.5,21075428
"60",1,0,2,0.6,50,0.1,1,0.01,0.05,1500,0.05,0.01,0,100,500,100,0,10,1,1,71,0,0,100.0045,0.003271,3,Inf,0.005,0,0.034,2113505
"61",1,0,2,0.6,50,0.1,1,0.01,0.01,1500,0.01,0.01,0,100,500,100,0,10,1,1,71,0,0,100.0037,0.00158,3,Inf,0.03684211,0,0.098,21291653
"62",1,0,2,0.6,50,0.1,1,0.01,2e-04,1500,2e-04,0.01,0,100,500,100,0,10,1,1,71,0,0,100.0058,0.001798,3,Inf,0.4,0,0.436,21671281
"63",1,0,2,0.6,50,0.1,1,0.01,0.002,1500,0.002,0.01,0,100,500,100,0,10,1,1,71,0,0,100.0004,0.001661,3,Inf,0.2760417,0,0.308,21703189
"64",1,0,2,0.6,50,0.1,1,0.01,0.05,1500,0.05,0.01,0,100,500,100,0,10,1,1,71,0,0,100.0038,0.002061,3,Inf,0.005681818,0,0.054,21791121
"65",1,0,2,0.6,50,0.1,1,0.01,0.1,1500,0.1,0.01,0,100,500,100,0,10,1,1,71,0,0,100.0046,0.002794,3,Inf,0.005208333,0,0.036,21899650
"66",1,0,2,0.6,50,0.1,1,0.01,0.05,1500,0.05,0.01,0,100,500,100,0,10,1,1,71,0,0,100.0041,0.002243,3,Inf,0.005,0.002,0.042,22194684
"67",1,0,2,0.6,50,0.1,1,0.01,0.2,1500,0.2,0.01,0,100,500,100,0,10,1,1,71,0,0,100.0013,0.001428,3,Inf,0.004975124,0,0.022,22316738
"68",1,0,2,0.6,50,0.1,1,0.01,0.05,1500,0.05,0.01,0,100,500,100,0,10,1,1,71,0,0,100.0083,0.001602,3,Inf,0,0.002,0.062,22676759
"69",1,0,2,0.6,50,0.1,1,0.01,5e-04,1500,5e-04,0.01,0,100,500,100,0,10,1,1,71,0,0,100.0005,0.001777,3,Inf,0.4293785,0.002,0.44,22727650
"70",1,0,2,0.6,50,0.1,1,0.01,0.1,1500,0.1,0.01,0,100,500,100,0,10,1,1,71,0,0,100.0013,0.005809,3,Inf,0.004926108,0.002,0.036,22728827
"71",1,0,2,0.6,50,0.1,1,0.01,0.01,1500,0.01,0.01,0,100,500,100,0,10,1,1,71,0,0,100.0038,0.001552,3,Inf,0.03846154,0,0.102,23356632
"72",1,0,2,0.6,50,0.1,1,0.01,0.1,1500,0.1,0.01,0,100,500,100,0,10,1,1,71,0,0,100.0018,0.001757,3,Inf,0.005208333,0,0.034,23466930
"73",1,0,2,0.6,50,0.1,1,0.01,0.001,1500,0.001,0.01,0,100,500,100,0,10,1,1,71,0,0,100.0002,0.001437,3,Inf,0.3791209,0,0.364,23479946
"74",1,0,2,0.6,50,0.1,1,0.01,0.1,1500,0.1,0.01,0,100,500,100,0,10,1,1,71,0,0,100.0005,0.001671,3,Inf,0,0,0.032,23532754
"75",1,0,2,0.6,50,0.1,1,0.01,0.01,1500,0.01,0.01,0,100,500,100,0,10,1,1,71,0,0,100.0059,0.001775,3,Inf,0.05945946,0,0.106,23891497
"76",1,0,2,0.6,50,0.1,1,0.01,0.002,1500,0.002,0.01,0,100,500,100,0,10,1,1,71,0,0,100.0023,0.002828,3,Inf,0.1865285,0,0.242,23980797
"77",1,0,2,0.6,50,0.1,1,0.01,0.05,1500,0.05,0.01,0,100,500,100,0,10,1,1,71,0,0,100.0118,0.002505,3,Inf,0.02072539,0,0.05,24273029
"78",1,0,2,0.6,50,0.1,1,0.01,0.2,1500,0.2,0.01,0,100,500,100,0,10,1,1,71,0,0,100.0086,0.001618,3,Inf,0,0.002,0.022,24299023
"79",1,0,2,0.6,50,0.1,1,0.01,0.2,1500,0.2,0.01,0,100,500,100,0,10,1,1,71,0,0,100.0006,0.001579,3,Inf,0.01421801,0.004,0.024,24469348
"80",1,0,2,0.6,50,0.1,1,0.01,0.001,1500,0.001,0.01,0,100,500,100,0,10,1,1,71,0,0,100.0046,0.001836,3,Inf,0.3018868,0,0.326,24484698
"81",1,0,2,0.6,50,0.1,1,0.01,5e-04,1500,5e-04,0.01,0,100,500,100,0,10,1,1,71,0,0,100.0041,0.001871,3,Inf,0.3314286,0,0.376,2450848
"82",1,0,2,0.6,50,0.1,1,0.01,0.01,1500,0.01,0.01,0,100,500,100,0,10,1,1,71,0,0,100.002,0.001668,3,Inf,0.07462687,0.002,0.1,24617257
"83",1,0,2,0.6,50,0.1,1,0.01,0.001,1500,0.001,0.01,0,100,500,100,0,10,1,1,71,0,0,100.0067,0.001635,3,Inf,0.2216749,0.002,0.286,25752801
"84",1,0,2,0.6,50,0.1,1,0.01,0.01,1500,0.01,0.01,0,100,500,100,0,10,1,1,71,0,0,100.0061,0.001534,3,Inf,0.06282723,0,0.108,25811487
"85",1,0,2,0.6,50,0.1,1,0.01,0.01,1500,0.01,0.01,0,100,500,100,0,10,1,1,71,0,0,100.0012,0.001732,3,Inf,0.06862745,0,0.106,25954398
"86",1,0,2,0.6,50,0.1,1,0.01,2e-04,1500,2e-04,0.01,0,100,500,100,0,10,1,1,71,0,0,100.0178,0.002234,3,Inf,0.4200913,0,0.416,26050198
"87",1,0,2,0.6,50,0.1,1,0.01,5e-04,1500,5e-04,0.01,0,100,500,100,0,10,1,1,71,0,0,100.0024,0.00198,3,Inf,0.3641304,0,0.386,26337544
"88",1,0,2,0.6,50,0.1,1,0.01,0.2,1500,0.2,0.01,0,100,500,100,0,10,1,1,71,0,0,100.0004,0.001539,3,Inf,0.015,0.004,0.03,27024747
"89",1,0,2,0.6,50,0.1,1,0.01,5e-04,1500,5e-04,0.01,0,100,500,100,0,10,1,1,71,0,0,100.0048,0.001704,3,Inf,0.478673,0,0.462,27160143
"90",1,0,2,0.6,50,0.1,1,0.01,0.2,1500,0.2,0.01,0,100,500,100,0,10,1,1,71,0,0,100.004,0.001462,3,Inf,0.0106383,0,0.03,27387442
"91",1,0,2,0.6,50,0.1,1,0.01,0.002,1500,0.002,0.01,0,100,500,100,0,10,1,1,71,0,0,100.0135,0.0016,3,Inf,0.1758794,0,0.222,27541792
"92",1,0,2,0.6,50,0.1,1,0.01,0.01,1500,0.01,0.01,0,100,500,100,0,10,1,1,71,0,0,100.0065,0.001445,3,Inf,0.05208333,0,0.112,27590908
"93",1,0,2,0.6,50,0.1,1,0.01,0.001,1500,0.001,0.01,0,100,500,100,0,10,1,1,71,0,0,100.0204,0.002225,3,Inf,0.3589744,0.002,0.346,27642385
"94",1,0,2,0.6,50,0.1,1,0.01,0.05,1500,0.05,0.01,0,100,500,100,0,10,1,1,71,0,0,100.0003,0.002288,3,Inf,0.01477833,0,0.032,27741534
"95",1,0,2,0.6,50,0.1,1,0.01,2e-04,1500,2e-04,0.01,0,100,500,100,0,10,1,1,71,0,0,100.002,0.003801,3,Inf,0.4407583,0.002,0.464,28082741
"96",1,0,2,0.6,50,0.1,1,0.01,1e-04,1500,1e-04,0.01,0,100,500,100,0,10,1,1,71,0,0,100.0063,0.001614,3,Inf,0.4401914,0,0.476,28138110
"97",1,0,2,0.6,50,0.1,1,0.01,0.002,1500,0.002,0.01,0,100,500,100,0,10,1,1,71,0,0,100.0053,0.00232,3,Inf,0.2816092,0.002,0.326,28342761
"98",1,0,2,0.6,50,0.1,1,0.01,0.1,1500,0.1,0.01,0,100,500,100,0,10,1,1,71,0,0,100.0015,0.001444,3,Inf,0.004901961,0,0.042,28500598
"99",1,0,2,0.6,50,0.1,1,0.01,0.1,1500,0.1,0.01,0,100,500,100,0,10,1,1,71,0,0,100.0021,0.001316,3,Inf,0.009708738,0,0.03,28918737
"100",1,0,2,0.6,50,0.1,1,0.01,0.1,1500,0.1,0.01,0,100,500,100,0,10,1,1,71,0,0,100.0017,0.001899,3,Inf,0,0.004,0.04,29023189
"101",1,0,2,0.6,50,0.1,1,0.01,2e-04,1500,2e-04,0.01,0,100,500,100,0,10,1,1,71,0,0,100.0057,0.002718,3,Inf,0.3813953,0,0.408,2909014
"102",1,0,2,0.6,50,0.1,1,0.01,5e-04,1500,5e-04,0.01,0,100,500,100,0,10,1,1,71,0,0,100.0002,0.002579,3,Inf,0.4103774,0.002,0.408,29200336
"103",1,0,2,0.6,50,0.1,1,0.01,0.002,1500,0.002,0.01,0,100,500,100,0,10,1,1,71,0,0,100.0066,0.001643,3,Inf,0.197861,0.002,0.278,29323554
"104",1,0,2,0.6,50,0.1,1,0.01,0.2,1500,0.2,0.01,0,100,500,100,0,10,1,1,71,0,0,100.0001,0.001297,3,Inf,0.004807692,0,0.036,29422473
"105",1,0,2,0.6,50,0.1,1,0.01,1e-04,1500,1e-04,0.01,0,100,500,100,0,10,1,1,71,0,0,100.0149,0.001973,3,Inf,0.4708738,0,0.49,29478734
"106",1,0,2,0.6,50,0.1,1,0.01,0.002,1500,0.002,0.01,0,100,500,100,0,10,1,1,71,0,0,100.0012,0.001672,3,Inf,0.1771429,0,0.228,29682431
"107",1,0,2,0.6,50,0.1,1,0.01,1e-04,1500,1e-04,0.01,0,100,500,100,0,10,1,1,71,0,0,100.0031,0.001813,3,Inf,0.4653465,0,0.486,29735465
"108",1,0,2,0.6,50,0.1,1,0.01,1e-04,1500,1e-04,0.01,0,100,500,100,0,10,1,1,71,0,0,100.0069,0.001647,3,Inf,0.4521277,0,0.462,30151594
"109",1,0,2,0.6,50,0.1,1,0.01,0.01,1500,0.01,0.01,0,100,500,100,0,10,1,1,71,0,0,100.0007,0.001852,3,Inf,0.05405405,0.002,0.104,30189253
"110",1,0,2,0.6,50,0.1,1,0.01,2e-04,1500,2e-04,0.01,0,100,500,100,0,10,1,1,71,0,0,100.0088,0.001577,3,Inf,0.4581006,0,0.472,31089601
"111",1,0,2,0.6,50,0.1,1,0.01,0.001,1500,0.001,0.01,0,100,500,100,0,10,1,1,71,0,0,100.0161,0.001522,3,Inf,0.3568075,0,0.356,31180239
"112",1,0,2,0.6,50,0.1,1,0.01,0.05,1500,0.05,0.01,0,100,500,100,0,10,1,1,71,0,0,100.004,0.001211,3,Inf,0.005154639,0,0.064,31182526
"113",1,0,2,0.6,50,0.1,1,0.01,5e-04,1500,5e-04,0.01,0,100,500,100,0,10,1,1,71,0,0,100.0136,0.002093,3,Inf,0.3423423,0.002,0.37,31260356
"114",1,0,2,0.6,50,0.1,1,0.01,0.001,1500,0.001,0.01,0,100,500,100,0,10,1,1,71,0,0,100.0038,0.002453,3,Inf,0.2526882,0.002,0.314,31296293
"115",1,0,2,0.6,50,0.1,1,0.01,5e-04,1500,5e-04,0.01,0,100,500,100,0,10,1,1,71,0,0,100.0023,0.001746,3,Inf,0.3666667,0.002,0.402,31384063
"116",1,0,2,0.6,50,0.1,1,0.01,0.002,1500,0.002,0.01,0,100,500,100,0,10,1,1,71,0,0,100.0001,0.001722,3,Inf,0.198895,0.002,0.236,31475573
"117",1,0,2,0.6,50,0.1,1,0.01,0.01,1500,0.01,0.01,0,100,500,100,0,10,1,1,71,0,0,100.0035,0.001565,3,Inf,0.03296703,0,0.098,31798302
"118",1,0,2,0.6,50,0.1,1,0.01,5e-04,1500,5e-04,0.01,0,100,500,100,0,10,1,1,71,0,0,100.0023,0.001532,3,Inf,0.3860465,0,0.398,3193066
"119",1,0,2,0.6,50,0.1,1,0.01,0.2,1500,0.2,0.01,0,100,500,100,0,10,1,1,71,0,0,100.0011,0.001881,3,Inf,0.01081081,0.002,0.058,32036341
"120",1,0,2,0.6,50,0.1,1,0.01,0.002,1500,0.002,0.01,0,100,500,100,0,10,1,1,71,0,0,100.0055,0.001764,3,Inf,0.2303922,0,0.258,32108917
"121",1,0,2,0.6,50,0.1,1,0.01,0.001,1500,0.001,0.01,0,100,500,100,0,10,1,1,71,0,0,100.0007,0.001774,3,Inf,0.2905028,0,0.352,32348525
"122",1,0,2,0.6,50,0.1,1,0.01,5e-04,1500,5e-04,0.01,0,100,500,100,0,10,1,1,71,0,0,100.0001,0.003728,3,Inf,0.408867,0,0.444,32426142
"123",1,0,2,0.6,50,0.1,1,0.01,1e-04,1500,1e-04,0.01,0,100,500,100,0,10,1,1,71,0,0,100.016,0.002122,3,Inf,0.4745763,0.002,0.48,3285419
"124",1,0,2,0.6,50,0.1,1,0.01,2e-04,1500,2e-04,0.01,0,100,500,100,0,10,1,1,71,0,0,100.0067,0.001569,3,Inf,0.4171429,0,0.442,3324610
"125",1,0,2,0.6,50,0.1,1,0.01,1e-04,1500,1e-04,0.01,0,100,500,100,0,10,1,1,71,0,0,100.0009,0.00225,3,Inf,0.4947368,0,0.464,33528698
"126",1,0,2,0.6,50,0.1,1,0.01,0.001,1500,0.001,0.01,0,100,500,100,0,10,1,1,71,0,0,100.0041,0.001361,3,Inf,0.3005181,0,0.366,33886006
"127",1,0,2,0.6,50,0.1,1,0.01,0.05,1500,0.05,0.01,0,100,500,100,0,10,1,1,71,0,0,100.0029,0.001439,3,Inf,0.009756098,0,0.052,33969056
"128",1,0,2,0.6,50,0.1,1,0.01,0.002,1500,0.002,0.01,0,100,500,100,0,10,1,1,71,0,0,100.0117,0.001089,3,Inf,0.1368421,0,0.232,34195277
"129",1,0,2,0.6,50,0.1,1,0.01,0.01,1500,0.01,0.01,0,100,500,100,0,10,1,1,71,0,0,100.0055,0.001435,3,Inf,0.06842105,0.002,0.1,34576358
"130",1,0,2,0.6,50,0.1,1,0.01,0.01,1500,0.01,0.01,0,100,500,100,0,10,1,1,71,0,0,100.0024,0.001975,3,Inf,0.06930693,0,0.108,34586338
"131",1,0,2,0.6,50,0.1,1,0.01,0.001,1500,0.001,0.01,0,100,500,100,0,10,1,1,71,0,0,100.0025,0.001223,3,Inf,0.3092784,0,0.336,34854436
"132",1,0,2,0.6,50,0.1,1,0.01,2e-04,1500,2e-04,0.01,0,100,500,100,0,10,1,1,71,0,0,100.005,0.001773,3,Inf,0.4341463,0.002,0.436,35374808
"133",1,0,2,0.6,50,0.1,1,0.01,0.2,1500,0.2,0.01,0,100,500,100,0,10,1,1,71,0,0,100.0218,0.002146,3,Inf,0.009708738,0,0.038,35382370
"134",1,0,2,0.6,50,0.1,1,0.01,0.05,1500,0.05,0.01,0,100,500,100,0,10,1,1,71,0,0,100.013,0.001925,3,Inf,0.01507538,0,0.036,35584834
"135",1,0,2,0.6,50,0.1,1,0.01,0.05,1500,0.05,0.01,0,100,500,100,0,10,1,1,71,0,0,100.0026,0.002422,3,Inf,0.005263158,0,0.062,35629005
"136",1,0,2,0.6,50,0.1,1,0.01,0.002,1500,0.002,0.01,0,100,500,100,0,10,1,1,71,0,0,100.0162,0.001539,3,Inf,0.2722513,0,0.294,3580145
"137",1,0,2,0.6,50,0.1,1,0.01,0.2,1500,0.2,0.01,0,100,500,100,0,10,1,1,71,0,0,100.0012,0.001912,3,Inf,0.004901961,0,0.056,3640930
"138",1,0,2,0.6,50,0.1,1,0.01,2e-04,1500,2e-04,0.01,0,100,500,100,0,10,1,1,71,0,0,100.0024,0.002098,3,Inf,0.3715847,0.002,0.394,36617177
"139",1,0,2,0.6,50,0.1,1,0.01,0.01,1500,0.01,0.01,0,100,500,100,0,10,1,1,71,0,0,100.0008,0.001727,3,Inf,0.07329843,0,0.16,36703797
"140",1,0,2,0.6,50,0.1,1,0.01,0.001,1500,0.001,0.01,0,100,500,100,0,10,1,1,71,0,0,100.001,0.002037,3,Inf,0.3076923,0.002,0.362,37222727
"141",1,0,2,0.6,50,0.1,1,0.01,0.2,1500,0.2,0.01,0,100,500,100,0,10,1,1,71,0,0,100.0017,0.001684,3,Inf,0.005181347,0,0.032,37327490
"142",1,0,2,0.6,50,0.1,1,0.01,5e-04,1500,5e-04,0.01,0,100,500,100,0,10,1,1,71,0,0,100.0105,0.001625,3,Inf,0.3567839,0.004,0.422,37412183
"143",1,0,2,0.6,50,0.1,1,0.01,0.001,1500,0.001,0.01,0,100,500,100,0,10,1,1,71,0,0,100.0055,0.002014,3,Inf,0.3663366,0,0.352,37532394
"144",1,0,2,0.6,50,0.1,1,0.01,2e-04,1500,2e-04,0.01,0,100,500,100,0,10,1,1,71,0,0,100.0015,0.001513,3,Inf,0.4789474,0,0.484,37888145
"145",1,0,2,0.6,50,0.1,1,0.01,5e-04,1500,5e-04,0.01,0,100,500,100,0,10,1,1,71,0,0,100.0043,0.002487,3,Inf,0.4271845,0,0.442,38030971
"146",1,0,2,0.6,50,0.1,1,0.01,0.2,1500,0.2,0.01,0,100,500,100,0,10,1,1,71,0,0,100.0005,0.003031,3,Inf,0.005154639,0,0.03,38279831
"147",1,0,2,0.6,50,0.1,1,0.01,0.002,1500,0.002,0.01,0,100,500,100,0,10,1,1,71,0,0,100.0104,0.001649,3,Inf,0.2419355,0,0.302,38643048
"148",1,0,2,0.6,50,0.1,1,0.01,5e-04,1500,5e-04,0.01,0,100,500,100,0,10,1,1,71,0,0,100.0105,0.002648,3,Inf,0.395122,0,0.416,39027544
"149",1,0,2,0.6,50,0.1,1,0.01,1e-04,1500,1e-04,0.01,0,100,500,100,0,10,1,1,71,0,0,100.0159,0.00161,3,Inf,0.485,0.002,0.47,39368435
"150",1,0,2,0.6,50,0.1,1,0.01,0.2,1500,0.2,0.01,0,100,500,100,0,10,1,1,71,0,0,100.0013,0.001321,3,Inf,0,0,0.038,39647816
"151",1,0,2,0.6,50,0.1,1,0.01,2e-04,1500,2e-04,0.01,0,100,500,100,0,10,1,1,71,0,0,100.0015,0.001788,3,Inf,0.4559585,0,0.432,39728478
"152",1,0,2,0.6,50,0.1,1,0.01,2e-04,1500,2e-04,0.01,0,100,500,100,0,10,1,1,71,0,0,100.0006,0.001492,3,Inf,0.4626168,0,0.47,39781852
"153",1,0,2,0.6,50,0.1,1,0.01,1e-04,1500,1e-04,0.01,0,100,500,100,0,10,1,1,71,0,0,100.0102,0.001493,3,Inf,0.4947917,0,0.526,39994051
"154",1,0,2,0.6,50,0.1,1,0.01,0.1,1500,0.1,0.01,0,100,500,100,0,10,1,1,71,0,0,100.0041,0.002614,3,Inf,0,0.002,0.028,40034617
"155",1,0,2,0.6,50,0.1,1,0.01,0.002,1500,0.002,0.01,0,100,500,100,0,10,1,1,71,0,0,100.0006,0.002045,3,Inf,0.155,0,0.216,40043067
"156",1,0,2,0.6,50,0.1,1,0.01,5e-04,1500,5e-04,0.01,0,100,500,100,0,10,1,1,71,0,0,100.0069,0.00158,3,Inf,0.3809524,0.002,0.382,40206342
"157",1,0,2,0.6,50,0.1,1,0.01,0.01,1500,0.01,0.01,0,100,500,100,0,10,1,1,71,0,0,100.0035,0.001646,3,Inf,0.03645833,0,0.124,40258571
"158",1,0,2,0.6,50,0.1,1,0.01,0.002,1500,0.002,0.01,0,100,500,100,0,10,1,1,71,0,0,100.0062,0.001568,3,Inf,0.2424242,0,0.25,40346575
"159",1,0,2,0.6,50,0.1,1,0.01,0.1,1500,0.1,0.01,0,100,500,100,0,10,1,1,71,0,0,100.0021,0.001901,3,Inf,0.004950495,0,0.042,4097409
"160",1,0,2,0.6,50,0.1,1,0.01,0.002,1500,0.002,0.01,0,100,500,100,0,10,1,1,71,0,0,100.0065,0.001271,3,Inf,0.1789474,0,0.258,40998339
"161",1,0,2,0.6,50,0.1,1,0.01,0.001,1500,0.001,0.01,0,100,500,100,0,10,1,1,71,0,0,100.0008,0.002178,3,Inf,0.213198,0,0.326,4182025
"162",1,0,2,0.6,50,0.1,1,0.01,1e-04,1500,1e-04,0.01,0,100,500,100,0,10,1,1,71,0,0,100.0081,0.001498,3,Inf,0.4768519,0,0.48,41865444
"163",1,0,2,0.6,50,0.1,1,0.01,5e-04,1500,5e-04,0.01,0,100,500,100,0,10,1,1,71,0,0,100.0037,0.001392,3,Inf,0.3512195,0,0.416,42319934
"164",1,0,2,0.6,50,0.1,1,0.01,0.01,1500,0.01,0.01,0,100,500,100,0,10,1,1,71,0,0,100.0084,0.003278,3,Inf,0.06190476,0,0.118,42321348
"165",1,0,2,0.6,50,0.1,1,0.01,0.002,1500,0.002,0.01,0,100,500,100,0,10,1,1,71,0,0,100.0013,0.002535,3,Inf,0.201087,0,0.246,42452294
"166",1,0,2,0.6,50,0.1,1,0.01,0.001,1500,0.001,0.01,0,100,500,100,0,10,1,1,71,0,0,100.0025,0.001427,3,Inf,0.3514851,0,0.358,43084550
"167",1,0,2,0.6,50,0.1,1,0.01,0.2,1500,0.2,0.01,0,100,500,100,0,10,1,1,71,0,0,100.0029,0.001847,3,Inf,0,0.002,0.032,43250992
"168",1,0,2,0.6,50,0.1,1,0.01,5e-04,1500,5e-04,0.01,0,100,500,100,0,10,1,1,71,0,0,100.0169,0.001467,3,Inf,0.3919598,0,0.412,43393735
"169",1,0,2,0.6,50,0.1,1,0.01,1e-04,1500,1e-04,0.01,0,100,500,100,0,10,1,1,71,0,0,100.0011,0.001571,3,Inf,0.4410256,0,0.486,43630808
"170",1,0,2,0.6,50,0.1,1,0.01,0.2,1500,0.2,0.01,0,100,500,100,0,10,1,1,71,0,0,100.0004,0.001924,3,Inf,0.004926108,0,0.048,43826
"171",1,0,2,0.6,50,0.1,1,0.01,0.2,1500,0.2,0.01,0,100,500,100,0,10,1,1,71,0,0,100.0006,0.001818,3,Inf,0.005050505,0.004,0.042,4385210
"172",1,0,2,0.6,50,0.1,1,0.01,0.1,1500,0.1,0.01,0,100,500,100,0,10,1,1,71,0,0,100.003,0.002068,3,Inf,0.01923077,0,0.04,44080944
"173",1,0,2,0.6,50,0.1,1,0.01,1e-04,1500,1e-04,0.01,0,100,500,100,0,10,1,1,71,0,0,100.0074,0.00149,3,Inf,0.4924623,0.002,0.504,44099463
"174",1,0,2,0.6,50,0.1,1,0.01,5e-04,1500,5e-04,0.01,0,100,500,100,0,10,1,1,71,0,0,100.007,0.001417,3,Inf,0.3265306,0.002,0.392,44579978
"175",1,0,2,0.6,50,0.1,1,0.01,0.2,1500,0.2,0.01,0,100,500,100,0,10,1,1,71,0,0,100.006,0.001807,3,Inf,0,0,0.022,45229685
"176",1,0,2,0.6,50,0.1,1,0.01,0.2,1500,0.2,0.01,0,100,500,100,0,10,1,1,71,0,0,100.0006,0.001863,3,Inf,0.005319149,0.002,0.044,45242408
"177",1,0,2,0.6,50,0.1,1,0.01,0.1,1500,0.1,0.01,0,100,500,100,0,10,1,1,71,0,0,100.0018,0.002352,3,Inf,0.01162791,0.002,0.044,46022304
"178",1,0,2,0.6,50,0.1,1,0.01,0.01,1500,0.01,0.01,0,100,500,100,0,10,1,1,71,0,0,100.0008,0.001462,3,Inf,0.07772021,0.002,0.116,4630447
"179",1,0,2,0.6,50,0.1,1,0.01,0.01,1500,0.01,0.01,0,100,500,100,0,10,1,1,71,0,0,100.001,0.002133,3,Inf,0.08866995,0,0.13,4658585
"180",1,0,2,0.6,50,0.1,1,0.01,1e-04,1500,1e-04,0.01,0,100,500,100,0,10,1,1,71,0,0,100.0005,0.001685,3,Inf,0.4309392,0,0.472,46591387
"181",1,0,2,0.6,50,0.1,1,0.01,0.1,1500,0.1,0.01,0,100,500,100,0,10,1,1,71,0,0,100.0022,0.002059,3,Inf,0.009345794,0.004,0.026,46619227
"182",1,0,2,0.6,50,0.1,1,0.01,2e-04,1500,2e-04,0.01,0,100,500,100,0,10,1,1,71,0,0,100.0034,0.001587,3,Inf,0.4329897,0,0.478,46852202
"183",1,0,2,0.6,50,0.1,1,0.01,1e-04,1500,1e-04,0.01,0,100,500,100,0,10,1,1,71,0,0,100.0079,0.00146,3,Inf,0.4952381,0,0.504,46978047
"184",1,0,2,0.6,50,0.1,1,0.01,1e-04,1500,1e-04,0.01,0,100,500,100,0,10,1,1,71,0,0,100.0056,0.002342,3,Inf,0.451087,0.002,0.492,47040986
"185",1,0,2,0.6,50,0.1,1,0.01,0.002,1500,0.002,0.01,0,100,500,100,0,10,1,1,71,0,0,100.002,0.002244,3,Inf,0.1666667,0.002,0.218,47052641
"186",1,0,2,0.6,50,0.1,1,0.01,0.001,1500,0.001,0.01,0,100,500,100,0,10,1,1,71,0,0,100.0103,0.002124,3,Inf,0.2513089,0,0.28,47094124
"187",1,0,2,0.6,50,0.1,1,0.01,2e-04,1500,2e-04,0.01,0,100,500,100,0,10,1,1,71,0,0,100.0028,0.001364,3,Inf,0.4272727,0,0.428,4712845
"188",1,0,2,0.6,50,0.1,1,0.01,0.01,1500,0.01,0.01,0,100,500,100,0,10,1,1,71,0,0,100.0064,0.001845,3,Inf,0.03370787,0,0.084,47788787
"189",1,0,2,0.6,50,0.1,1,0.01,1e-04,1500,1e-04,0.01,0,100,500,100,0,10,1,1,71,0,0,100.0039,0.001741,3,Inf,0.3811881,0,0.412,47812969
"190",1,0,2,0.6,50,0.1,1,0.01,0.1,1500,0.1,0.01,0,100,500,100,0,10,1,1,71,0,0,100.0019,0.001673,3,Inf,0.009569378,0,0.042,47926554
"191",1,0,2,0.6,50,0.1,1,0.01,2e-04,1500,2e-04,0.01,0,100,500,100,0,10,1,1,71,0,0,100.0087,0.00132,3,Inf,0.4414894,0,0.476,47981037
"192",1,0,2,0.6,50,0.1,1,0.01,2e-04,1500,2e-04,0.01,0,100,500,100,0,10,1,1,71,0,0,100.003,0.001573,3,Inf,0.4384236,0,0.468,4813446
"193",1,0,2,0.6,50,0.1,1,0.01,0.1,1500,0.1,0.01,0,100,500,100,0,10,1,1,71,0,0,100.0002,0.001241,3,Inf,0,0,0.052,48837129
"194",1,0,2,0.6,50,0.1,1,0.01,2e-04,1500,2e-04,0.01,0,100,500,100,0,10,1,1,71,0,0,100.0038,0.002403,3,Inf,0.4074074,0,0.446,48854388
"195",1,0,2,0.6,50,0.1,1,0.01,2e-04,1500,2e-04,0.01,0,100,500,100,0,10,1,1,71,0,0,100.0219,0.001986,3,Inf,0.5052632,0.002,0.438,49060943
"196",1,0,2,0.6,50,0.1,1,0.01,1e-04,1500,1e-04,0.01,0,100,500,100,0,10,1,1,71,0,0,100.0014,0.001159,3,Inf,0.5024155,0,0.486,49086886
"197",1,0,2,0.6,50,0.1,1,0.01,0.01,1500,0.01,0.01,0,100,500,100,0,10,1,1,71,0,0,100.007,0.001452,3,Inf,0.05913978,0,0.098,49137492
"198",1,0,2,0.6,50,0.1,1,0.01,0.2,1500,0.2,0.01,0,100,500,100,0,10,1,1,71,0,0,100.002,0.002465,3,Inf,0.004975124,0.002,0.06,50155580
"199",1,0,2,0.6,50,0.1,1,0.01,0.1,1500,0.1,0.01,0,100,500,100,0,10,1,1,71,0,0,100.0005,0.001758,3,Inf,0.02030457,0.004,0.048,50344432
"200",1,0,2,0.6,50,0.1,1,0.01,0.002,1500,0.002,0.01,0,100,500,100,0,10,1,1,71,0,0,100.0003,0.001342,3,Inf,0.2473684,0.004,0.264,50879409
"201",1,0,2,0.6,50,0.1,1,0.01,0.002,1500,0.002,0.01,0,100,500,100,0,10,1,1,71,0,0,100.0016,0.002832,3,Inf,0.225641,0.002,0.278,50963831
"202",1,0,2,0.6,50,0.1,1,0.01,1e-04,1500,1e-04,0.01,0,100,500,100,0,10,1,1,71,0,0,100.0025,0.001182,3,Inf,0.5089286,0,0.494,51132510
"203",1,0,2,0.6,50,0.1,1,0.01,0.1,1500,0.1,0.01,0,100,500,100,0,10,1,1,71,0,0,100.0005,0.001475,3,Inf,0.005128205,0,0.034,51493608
"204",1,0,2,0.6,50,0.1,1,0.01,0.2,1500,0.2,0.01,0,100,500,100,0,10,1,1,71,0,0,100.0056,0.001776,3,Inf,0,0.004,0.024,51792124
"205",1,0,2,0.6,50,0.1,1,0.01,1e-04,1500,1e-04,0.01,0,100,500,100,0,10,1,1,71,0,0,100.0002,0.002933,3,Inf,0.4079602,0.002,0.446,51829523
"206",1,0,2,0.6,50,0.1,1,0.01,0.1,1500,0.1,0.01,0,100,500,100,0,10,1,1,71,0,0,100.0008,0.001871,3,Inf,0.005347594,0.002,0.046,51841218
"207",1,0,2,0.6,50,0.1,1,0.01,0.001,1500,0.001,0.01,0,100,500,100,0,10,1,1,71,0,0,100.0027,0.003265,3,Inf,0.2994652,0.002,0.304,51993927
"208",1,0,2,0.6,50,0.1,1,0.01,0.002,1500,0.002,0.01,0,100,500,100,0,10,1,1,71,0,0,100.0055,0.002623,3,Inf,0.2436548,0,0.272,52138898
"209",1,0,2,0.6,50,0.1,1,0.01,2e-04,1500,2e-04,0.01,0,100,500,100,0,10,1,1,71,0,0,100.0025,0.001384,3,Inf,0.5027322,0.002,0.458,52144339
"210",1,0,2,0.6,50,0.1,1,0.01,0.1,1500,0.1,0.01,0,100,500,100,0,10,1,1,71,0,0,100.0007,0.001369,3,Inf,0.004694836,0.002,0.032,52244718
"211",1,0,2,0.6,50,0.1,1,0.01,0.002,1500,0.002,0.01,0,100,500,100,0,10,1,1,71,0,0,100.0021,0.001257,3,Inf,0.1831683,0,0.26,52506814
"212",1,0,2,0.6,50,0.1,1,0.01,0.01,1500,0.01,0.01,0,100,500,100,0,10,1,1,71,0,0,100.0013,0.002111,3,Inf,0.07,0,0.124,52645902
"213",1,0,2,0.6,50,0.1,1,0.01,0.01,1500,0.01,0.01,0,100,500,100,0,10,1,1,71,0,0,100.0035,0.001922,3,Inf,0.04469274,0,0.094,52891981
"214",1,0,2,0.6,50,0.1,1,0.01,1e-04,1500,1e-04,0.01,0,100,500,100,0,10,1,1,71,0,0,100.0071,0.001439,3,Inf,0.4322917,0.006,0.452,5332282
"215",1,0,2,0.6,50,0.1,1,0.01,0.1,1500,0.1,0.01,0,100,500,100,0,10,1,1,71,0,0,100.0015,0.003918,3,Inf,0.004901961,0,0.036,53627416
"216",1,0,2,0.6,50,0.1,1,0.01,0.001,1500,0.001,0.01,0,100,500,100,0,10,1,1,71,0,0,100.0008,0.002704,3,Inf,0.2892157,0,0.364,53837667
"217",1,0,2,0.6,50,0.1,1,0.01,0.002,1500,0.002,0.01,0,100,500,100,0,10,1,1,71,0,0,100.0057,0.00166,3,Inf,0.1492537,0.002,0.212,53859752
"218",1,0,2,0.6,50,0.1,1,0.01,0.05,1500,0.05,0.01,0,100,500,100,0,10,1,1,71,0,0,100.0051,0.004282,3,Inf,0,0,0.042,53916352
"219",1,0,2,0.6,50,0.1,1,0.01,0.2,1500,0.2,0.01,0,100,500,100,0,10,1,1,71,0,0,100.0019,0.004087,3,Inf,0.005747126,0,0.03,5400798
"220",1,0,2,0.6,50,0.1,1,0.01,0.05,1500,0.05,0.01,0,100,500,100,0,10,1,1,71,0,0,100.0003,0.001445,3,Inf,0.02083333,0.002,0.072,54061843
"221",1,0,2,0.6,50,0.1,1,0.01,0.05,1500,0.05,0.01,0,100,500,100,0,10,1,1,71,0,0,100.0062,0.001903,3,Inf,0.03174603,0,0.068,54117993
"222",1,0,2,0.6,50,0.1,1,0.01,0.05,1500,0.05,0.01,0,100,500,100,0,10,1,1,71,0,0,100.0044,0.001575,3,Inf,0.02020202,0,0.054,54180197
"223",1,0,2,0.6,50,0.1,1,0.01,0.2,1500,0.2,0.01,0,100,500,100,0,10,1,1,71,0,0,100.0017,0.003851,3,Inf,0.009950249,0,0.048,54215851
"224",1,0,2,0.6,50,0.1,1,0.01,0.002,1500,0.002,0.01,0,100,500,100,0,10,1,1,71,0,0,100.0019,0.001394,3,Inf,0.1642512,0,0.23,54402050
"225",1,0,2,0.6,50,0.1,1,0.01,5e-04,1500,5e-04,0.01,0,100,500,100,0,10,1,1,71,0,0,100.0242,0.002003,3,Inf,0.3793103,0.002,0.414,54675326
"226",1,0,2,0.6,50,0.1,1,0.01,0.05,1500,0.05,0.01,0,100,500,100,0,10,1,1,71,0,0,100.0046,0.00188,3,Inf,0.01081081,0,0.056,55375293
"227",1,0,2,0.6,50,0.1,1,0.01,5e-04,1500,5e-04,0.01,0,100,500,100,0,10,1,1,71,0,0,100.0003,0.001552,3,Inf,0.3954802,0,0.436,55521028
"228",1,0,2,0.6,50,0.1,1,0.01,2e-04,1500,2e-04,0.01,0,100,500,100,0,10,1,1,71,0,0,100.0013,0.001738,3,Inf,0.4142857,0.004,0.43,55532837
"229",1,0,2,0.6,50,0.1,1,0.01,2e-04,1500,2e-04,0.01,0,100,500,100,0,10,1,1,71,0,0,100,0.001504,3,Inf,0.4626866,0.002,0.464,55578627
"230",1,0,2,0.6,50,0.1,1,0.01,1e-04,1500,1e-04,0.01,0,100,500,100,0,10,1,1,71,0,0,100.0228,0.001474,3,Inf,0.4715026,0,0.472,55861128
"231",1,0,2,0.6,50,0.1,1,0.01,5e-04,1500,5e-04,0.01,0,100,500,100,0,10,1,1,71,0,0,100.0131,0.001285,3,Inf,0.3482587,0,0.394,56251305
"232",1,0,2,0.6,50,0.1,1,0.01,1e-04,1500,1e-04,0.01,0,100,500,100,0,10,1,1,71,0,0,100.0044,0.001577,3,Inf,0.5135135,0.002,0.476,56349835
"233",1,0,2,0.6,50,0.1,1,0.01,0.1,1500,0.1,0.01,0,100,500,100,0,10,1,1,71,0,0,100.0163,0.001616,3,Inf,0.005555556,0,0.036,56382496
"234",1,0,2,0.6,50,0.1,1,0.01,0.001,1500,0.001,0.01,0,100,500,100,0,10,1,1,71,0,0,100.0056,0.001883,3,Inf,0.3484848,0.002,0.38,56425206
"235",1,0,2,0.6,50,0.1,1,0.01,0.05,1500,0.05,0.01,0,100,500,100,0,10,1,1,71,0,0,100.0074,0.002036,3,Inf,0.005434783,0,0.032,56820652
"236",1,0,2,0.6,50,0.1,1,0.01,0.002,1500,0.002,0.01,0,100,500,100,0,10,1,1,71,0,0,100.0085,0.001592,3,Inf,0.2777778,0,0.288,5711947
"237",1,0,2,0.6,50,0.1,1,0.01,5e-04,1500,5e-04,0.01,0,100,500,100,0,10,1,1,71,0,0,100.0002,0.001616,3,Inf,0.3459716,0.002,0.4,5713989
"238",1,0,2,0.6,50,0.1,1,0.01,0.05,1500,0.05,0.01,0,100,500,100,0,10,1,1,71,0,0,100.002,0.003755,3,Inf,0.02197802,0,0.058,57439005
"239",1,0,2,0.6,50,0.1,1,0.01,0.001,1500,0.001,0.01,0,100,500,100,0,10,1,1,71,0,0,100.0046,0.002336,3,Inf,0.3469388,0.002,0.308,57596700
"240",1,0,2,0.6,50,0.1,1,0.01,5e-04,1500,5e-04,0.01,0,100,500,100,0,10,1,1,71,0,0,100.0005,0.002686,3,Inf,0.3796791,0,0.402,59042439
"241",1,0,2,0.6,50,0.1,1,0.01,0.01,1500,0.01,0.01,0,100,500,100,0,10,1,1,71,0,0,100.0015,0.001534,3,Inf,0.0372093,0.002,0.082,59213251
"242",1,0,2,0.6,50,0.1,1,0.01,0.002,1500,0.002,0.01,0,100,500,100,0,10,1,1,71,0,0,100.0137,0.003206,3,Inf,0.2178771,0,0.27,59651680
"243",1,0,2,0.6,50,0.1,1,0.01,0.01,1500,0.01,0.01,0,100,500,100,0,10,1,1,71,0,0,100.0037,0.00228,3,Inf,0.08133971,0.002,0.12,59737882
"244",1,0,2,0.6,50,0.1,1,0.01,5e-04,1500,5e-04,0.01,0,100,500,100,0,10,1,1,71,0,0,100.0058,0.002144,3,Inf,0.3041237,0,0.382,6034882
"245",1,0,2,0.6,50,0.1,1,0.01,1e-04,1500,1e-04,0.01,0,100,500,100,0,10,1,1,71,0,0,100.0006,0.00159,3,Inf,0.502439,0,0.514,60431231
"246",1,0,2,0.6,50,0.1,1,0.01,0.001,1500,0.001,0.01,0,100,500,100,0,10,1,1,71,0,0,100.0063,0.002419,3,Inf,0.3041237,0.002,0.336,60687123
"247",1,0,2,0.6,50,0.1,1,0.01,5e-04,1500,5e-04,0.01,0,100,500,100,0,10,1,1,71,0,0,100.0097,0.001373,3,Inf,0.4009434,0,0.414,61111409
"248",1,0,2,0.6,50,0.1,1,0.01,0.05,1500,0.05,0.01,0,100,500,100,0,10,1,1,71,0,0,100.0016,0.001501,3,Inf,0.004807692,0,0.048,62494332
"249",1,0,2,0.6,50,0.1,1,0.01,5e-04,1500,5e-04,0.01,0,100,500,100,0,10,1,1,71,0,0,100.0246,0.001902,3,Inf,0.3483146,0,0.386,62498836
"250",1,0,2,0.6,50,0.1,1,0.01,0.2,1500,0.2,0.01,0,100,500,100,0,10,1,1,71,0,0,100.0004,0.001398,3,Inf,0.005181347,0,0.026,62647642
"251",1,0,2,0.6,50,0.1,1,0.01,0.001,1500,0.001,0.01,0,100,500,100,0,10,1,1,71,0,0,100.0031,0.002367,3,Inf,0.2894737,0,0.312,6272554
"252",1,0,2,0.6,50,0.1,1,0.01,2e-04,1500,2e-04,0.01,0,100,500,100,0,10,1,1,71,0,0,100.0037,0.001595,3,Inf,0.464455,0,0.472,62844629
"253",1,0,2,0.6,50,0.1,1,0.01,5e-04,1500,5e-04,0.01,0,100,500,100,0,10,1,1,71,0,0,100.0001,0.002115,3,Inf,0.3988764,0,0.402,62849756
"254",1,0,2,0.6,50,0.1,1,0.01,1e-04,1500,1e-04,0.01,0,100,500,100,0,10,1,1,71,0,0,100.0027,0.001565,3,Inf,0.4976526,0,0.53,63712022
"255",1,0,2,0.6,50,0.1,1,0.01,0.1,1500,0.1,0.01,0,100,500,100,0,10,1,1,71,0,0,100.003,0.001606,3,Inf,0,0.002,0.038,63738925
"256",1,0,2,0.6,50,0.1,1,0.01,0.001,1500,0.001,0.01,0,100,500,100,0,10,1,1,71,0,0,100.0167,0.001384,3,Inf,0.3085106,0,0.322,63968489
"257",1,0,2,0.6,50,0.1,1,0.01,0.05,1500,0.05,0.01,0,100,500,100,0,10,1,1,71,0,0,100.0033,0.002367,3,Inf,0.03278689,0,0.05,64094929
"258",1,0,2,0.6,50,0.1,1,0.01,0.001,1500,0.001,0.01,0,100,500,100,0,10,1,1,71,0,0,100.0134,0.001556,3,Inf,0.3257919,0.002,0.344,64099132
"259",1,0,2,0.6,50,0.1,1,0.01,2e-04,1500,2e-04,0.01,0,100,500,100,0,10,1,1,71,0,0,100.0007,0.002402,3,Inf,0.5145631,0,0.498,64129433
"260",1,0,2,0.6,50,0.1,1,0.01,0.2,1500,0.2,0.01,0,100,500,100,0,10,1,1,71,0,0,100.0012,0.001519,3,Inf,0.004291845,0,0.04,64361286
"261",1,0,2,0.6,50,0.1,1,0.01,2e-04,1500,2e-04,0.01,0,100,500,100,0,10,1,1,71,0,0,100.0004,0.001495,3,Inf,0.3582888,0,0.41,64456170
"262",1,0,2,0.6,50,0.1,1,0.01,0.05,1500,0.05,0.01,0,100,500,100,0,10,1,1,71,0,0,100.0004,0.001546,3,Inf,0,0.002,0.044,64599625
"263",1,0,2,0.6,50,0.1,1,0.01,5e-04,1500,5e-04,0.01,0,100,500,100,0,10,1,1,71,0,0,100.0034,0.003111,3,Inf,0.4514563,0.002,0.42,64884390
"264",1,0,2,0.6,50,0.1,1,0.01,0.01,1500,0.01,0.01,0,100,500,100,0,10,1,1,71,0,0,100.0101,0.001658,3,Inf,0.03791469,0,0.114,64971943
"265",1,0,2,0.6,50,0.1,1,0.01,2e-04,1500,2e-04,0.01,0,100,500,100,0,10,1,1,71,0,0,100.0056,0.001945,3,Inf,0.4031414,0,0.404,65029297
"266",1,0,2,0.6,50,0.1,1,0.01,0.05,1500,0.05,0.01,0,100,500,100,0,10,1,1,71,0,0,100.0017,0.003478,3,Inf,0.02512563,0,0.058,6510357
"267",1,0,2,0.6,50,0.1,1,0.01,0.2,1500,0.2,0.01,0,100,500,100,0,10,1,1,71,0,0,100.0019,0.001701,3,Inf,0.01025641,0.002,0.038,65143311
"268",1,0,2,0.6,50,0.1,1,0.01,0.1,1500,0.1,0.01,0,100,500,100,0,10,1,1,71,0,0,100.0006,0.001408,3,Inf,0,0,0.03,65389837
"269",1,0,2,0.6,50,0.1,1,0.01,0.01,1500,0.01,0.01,0,100,500,100,0,10,1,1,71,0,0,100.006,0.002547,3,Inf,0.04268293,0,0.086,65530096
"270",1,0,2,0.6,50,0.1,1,0.01,0.002,1500,0.002,0.01,0,100,500,100,0,10,1,1,71,0,0,100.0006,0.001801,3,Inf,0.1865285,0.002,0.264,65693180
"271",1,0,2,0.6,50,0.1,1,0.01,5e-04,1500,5e-04,0.01,0,100,500,100,0,10,1,1,71,0,0,100.001,0.002305,3,Inf,0.3846154,0.004,0.408,65806772
"272",1,0,2,0.6,50,0.1,1,0.01,1e-04,1500,1e-04,0.01,0,100,500,100,0,10,1,1,71,0,0,100.0031,0.001801,3,Inf,0.4439252,0,0.462,65829268
"273",1,0,2,0.6,50,0.1,1,0.01,0.05,1500,0.05,0.01,0,100,500,100,0,10,1,1,71,0,0,100.0049,0.001562,3,Inf,0.01570681,0,0.036,65881787
"274",1,0,2,0.6,50,0.1,1,0.01,0.002,1500,0.002,0.01,0,100,500,100,0,10,1,1,71,0,0,100.0051,0.001599,3,Inf,0.2556818,0.002,0.274,65902715
"275",1,0,2,0.6,50,0.1,1,0.01,1e-04,1500,1e-04,0.01,0,100,500,100,0,10,1,1,71,0,0,100.0021,0.001811,3,Inf,0.4444444,0.002,0.472,6598433
"276",1,0,2,0.6,50,0.1,1,0.01,5e-04,1500,5e-04,0.01,0,100,500,100,0,10,1,1,71,0,0,100.0046,0.001273,3,Inf,0.3005181,0,0.392,66538685
"277",1,0,2,0.6,50,0.1,1,0.01,0.01,1500,0.01,0.01,0,100,500,100,0,10,1,1,71,0,0,100.0126,0.00141,3,Inf,0.0483871,0,0.098,66540376
"278",1,0,2,0.6,50,0.1,1,0.01,0.002,1500,0.002,0.01,0,100,500,100,0,10,1,1,71,0,0,100.0046,0.001539,3,Inf,0.127907,0,0.232,66695826
"279",1,0,2,0.6,50,0.1,1,0.01,0.01,1500,0.01,0.01,0,100,500,100,0,10,1,1,71,0,0,100.001,0.002107,3,Inf,0.05527638,0.002,0.094,67164852
"280",1,0,2,0.6,50,0.1,1,0.01,0.002,1500,0.002,0.01,0,100,500,100,0,10,1,1,71,0,0,100.0051,0.002387,3,Inf,0.2292683,0.002,0.236,67500422
"281",1,0,2,0.6,50,0.1,1,0.01,0.2,1500,0.2,0.01,0,100,500,100,0,10,1,1,71,0,0,100.0016,0.001403,3,Inf,0.005555556,0.002,0.042,67855293
"282",1,0,2,0.6,50,0.1,1,0.01,5e-04,1500,5e-04,0.01,0,100,500,100,0,10,1,1,71,0,0,100.002,0.002807,3,Inf,0.3968254,0,0.398,68142582
"283",1,0,2,0.6,50,0.1,1,0.01,0.2,1500,0.2,0.01,0,100,500,100,0,10,1,1,71,0,0,100.0059,0.001799,3,Inf,0.004694836,0.002,0.034,68328874
"284",1,0,2,0.6,50,0.1,1,0.01,0.05,1500,0.05,0.01,0,100,500,100,0,10,1,1,71,0,0,100.0006,0.001654,3,Inf,0.01734104,0.002,0.066,68397507
"285",1,0,2,0.6,50,0.1,1,0.01,0.001,1500,0.001,0.01,0,100,500,100,0,10,1,1,71,0,0,100.0016,0.001614,3,Inf,0.374359,0,0.374,68507932
"286",1,0,2,0.6,50,0.1,1,0.01,0.05,1500,0.05,0.01,0,100,500,100,0,10,1,1,71,0,0,100.0085,0.001556,3,Inf,0.005050505,0.002,0.026,68743995
"287",1,0,2,0.6,50,0.1,1,0.01,0.001,1500,0.001,0.01,0,100,500,100,0,10,1,1,71,0,0,100.0003,0.002255,3,Inf,0.3263158,0,0.382,6876403
"288",1,0,2,0.6,50,0.1,1,0.01,0.1,1500,0.1,0.01,0,100,500,100,0,10,1,1,71,0,0,100.01,0.001683,3,Inf,0.01005025,0.002,0.03,68772157
"289",1,0,2,0.6,50,0.1,1,0.01,0.2,1500,0.2,0.01,0,100,500,100,0,10,1,1,71,0,0,100.0021,0.001848,3,Inf,0.01463415,0.002,0.046,68916849
"290",1,0,2,0.6,50,0.1,1,0.01,0.2,1500,0.2,0.01,0,100,500,100,0,10,1,1,71,0,0,100.0023,0.001839,3,Inf,0,0.002,0.024,68920397
"291",1,0,2,0.6,50,0.1,1,0.01,2e-04,1500,2e-04,0.01,0,100,500,100,0,10,1,1,71,0,0,100.0022,0.00121,3,Inf,0.4171123,0,0.448,6899766
"292",1,0,2,0.6,50,0.1,1,0.01,0.05,1500,0.05,0.01,0,100,500,100,0,10,1,1,71,0,0,100.0061,0.002095,3,Inf,0,0,0.064,69035543
"293",1,0,2,0.6,50,0.1,1,0.01,0.001,1500,0.001,0.01,0,100,500,100,0,10,1,1,71,0,0,100.0032,0.001288,3,Inf,0.2857143,0,0.278,6942395
"294",1,0,2,0.6,50,0.1,1,0.01,2e-04,1500,2e-04,0.01,0,100,500,100,0,10,1,1,71,0,0,100.0021,0.001282,3,Inf,0.470297,0,0.464,69547951
"295",1,0,2,0.6,50,0.1,1,0.01,0.05,1500,0.05,0.01,0,100,500,100,0,10,1,1,71,0,0,100.0049,0.001713,3,Inf,0.01492537,0,0.05,69813953
"296",1,0,2,0.6,50,0.1,1,0.01,2e-04,1500,2e-04,0.01,0,100,500,100,0,10,1,1,71,0,0,100.0163,0.002592,3,Inf,0.5025641,0,0.522,70075954
"297",1,0,2,0.6,50,0.1,1,0.01,0.2,1500,0.2,0.01,0,100,500,100,0,10,1,1,71,0,0,100.0007,0.002417,3,Inf,0.005494505,0,0.032,70943833
"298",1,0,2,0.6,50,0.1,1,0.01,1e-04,1500,1e-04,0.01,0,100,500,100,0,10,1,1,71,0,0,100.0022,0.001343,3,Inf,0.4728261,0,0.444,71236095
"299",1,0,2,0.6,50,0.1,1,0.01,0.2,1500,0.2,0.01,0,100,500,100,0,10,1,1,71,0,0,100.0014,0.001346,3,Inf,0.01463415,0.002,0.052,71237080
"300",1,0,2,0.6,50,0.1,1,0.01,0.001,1500,0.001,0.01,0,100,500,100,0,10,1,1,71,0,0,100.0065,0.001291,3,Inf,0.3188406,0,0.352,71678547
"301",1,0,2,0.6,50,0.1,1,0.01,2e-04,1500,2e-04,0.01,0,100,500,100,0,10,1,1,71,0,0,100.0095,0.001856,3,Inf,0.4768519,0.002,0.492,72035337
"302",1,0,2,0.6,50,0.1,1,0.01,1e-04,1500,1e-04,0.01,0,100,500,100,0,10,1,1,71,0,0,100.0011,0.001363,3,Inf,0.5179487,0,0.506,72572257
"303",1,0,2,0.6,50,0.1,1,0.01,0.05,1500,0.05,0.01,0,100,500,100,0,10,1,1,71,0,0,100.0007,0.001529,3,Inf,0,0,0.02,72780252
"304",1,0,2,0.6,50,0.1,1,0.01,0.001,1500,0.001,0.01,0,100,500,100,0,10,1,1,71,0,0,100.0007,0.001363,3,Inf,0.3874346,0.002,0.386,73783460
"305",1,0,2,0.6,50,0.1,1,0.01,0.1,1500,0.1,0.01,0,100,500,100,0,10,1,1,71,0,0,100.0013,0.001954,3,Inf,0.01123596,0,0.036,74123300
"306",1,0,2,0.6,50,0.1,1,0.01,0.002,1500,0.002,0.01,0,100,500,100,0,10,1,1,71,0,0,100.0162,0.002168,3,Inf,0.1947368,0.002,0.246,7412438
"307",1,0,2,0.6,50,0.1,1,0.01,2e-04,1500,2e-04,0.01,0,100,500,100,0,10,1,1,71,0,0,100.0001,0.002225,3,Inf,0.4285714,0.002,0.438,74150545
"308",1,0,2,0.6,50,0.1,1,0.01,0.01,1500,0.01,0.01,0,100,500,100,0,10,1,1,71,0,0,100.0025,0.001624,3,Inf,0.05759162,0,0.12,74312117
"309",1,0,2,0.6,50,0.1,1,0.01,0.002,1500,0.002,0.01,0,100,500,100,0,10,1,1,71,0,0,100.0025,0.002646,3,Inf,0.2303665,0.002,0.272,74455124
"310",1,0,2,0.6,50,0.1,1,0.01,2e-04,1500,2e-04,0.01,0,100,500,100,0,10,1,1,71,0,0,100.0058,0.001489,3,Inf,0.4728261,0,0.464,74606527
"311",1,0,2,0.6,50,0.1,1,0.01,0.05,1500,0.05,0.01,0,100,500,100,0,10,1,1,71,0,0,100.0019,0.002352,3,Inf,0.015,0.002,0.052,74833496
"312",1,0,2,0.6,50,0.1,1,0.01,0.002,1500,0.002,0.01,0,100,500,100,0,10,1,1,71,0,0,100.0005,0.00294,3,Inf,0.1554404,0.002,0.244,74991318
"313",1,0,2,0.6,50,0.1,1,0.01,1e-04,1500,1e-04,0.01,0,100,500,100,0,10,1,1,71,0,0,100.0059,0.001469,3,Inf,0.5054348,0,0.51,75000402
"314",1,0,2,0.6,50,0.1,1,0.01,0.01,1500,0.01,0.01,0,100,500,100,0,10,1,1,71,0,0,100.0127,0.002156,3,Inf,0.07978723,0,0.132,75111806
"315",1,0,2,0.6,50,0.1,1,0.01,2e-04,1500,2e-04,0.01,0,100,500,100,0,10,1,1,71,0,0,100.0012,0.00185,3,Inf,0.4896907,0.002,0.456,75137098
"316",1,0,2,0.6,50,0.1,1,0.01,0.01,1500,0.01,0.01,0,100,500,100,0,10,1,1,71,0,0,100.0026,0.0017,3,Inf,0.03783784,0.002,0.098,75216855
"317",1,0,2,0.6,50,0.1,1,0.01,0.01,1500,0.01,0.01,0,100,500,100,0,10,1,1,71,0,0,100.0022,0.001387,3,Inf,0.05555556,0.002,0.126,76011408
"318",1,0,2,0.6,50,0.1,1,0.01,0.1,1500,0.1,0.01,0,100,500,100,0,10,1,1,71,0,0,100.0014,0.001821,3,Inf,0.005208333,0,0.038,76330601
"319",1,0,2,0.6,50,0.1,1,0.01,0.05,1500,0.05,0.01,0,100,500,100,0,10,1,1,71,0,0,100.0002,0.001516,3,Inf,0.025,0.002,0.06,7653800
"320",1,0,2,0.6,50,0.1,1,0.01,0.001,1500,0.001,0.01,0,100,500,100,0,10,1,1,71,0,0,100.0019,0.001308,3,Inf,0.2896175,0,0.346,76681323
"321",1,0,2,0.6,50,0.1,1,0.01,5e-04,1500,5e-04,0.01,0,100,500,100,0,10,1,1,71,0,0,100.0059,0.005279,3,Inf,0.3658537,0.002,0.392,76687070
"322",1,0,2,0.6,50,0.1,1,0.01,0.01,1500,0.01,0.01,0,100,500,100,0,10,1,1,71,0,0,100.0008,0.001759,3,Inf,0.06703911,0,0.14,7676815
"323",1,0,2,0.6,50,0.1,1,0.01,0.2,1500,0.2,0.01,0,100,500,100,0,10,1,1,71,0,0,100.0024,0.001289,3,Inf,0.004878049,0,0.018,77322529
"324",1,0,2,0.6,50,0.1,1,0.01,0.002,1500,0.002,0.01,0,100,500,100,0,10,1,1,71,0,0,100.0015,0.001916,3,Inf,0.1666667,0.006,0.212,77526855
"325",1,0,2,0.6,50,0.1,1,0.01,0.01,1500,0.01,0.01,0,100,500,100,0,10,1,1,71,0,0,100.0042,0.002685,3,Inf,0.05,0,0.106,77568732
"326",1,0,2,0.6,50,0.1,1,0.01,0.01,1500,0.01,0.01,0,100,500,100,0,10,1,1,71,0,0,100.0011,0.001744,3,Inf,0.06862745,0,0.13,77722614
"327",1,0,2,0.6,50,0.1,1,0.01,0.01,1500,0.01,0.01,0,100,500,100,0,10,1,1,71,0,0,100.0041,0.001696,3,Inf,0.07731959,0,0.14,77867510
"328",1,0,2,0.6,50,0.1,1,0.01,0.002,1500,0.002,0.01,0,100,500,100,0,10,1,1,71,0,0,100.0046,0.001962,3,Inf,0.2540541,0.002,0.276,78055766
"329",1,0,2,0.6,50,0.1,1,0.01,0.05,1500,0.05,0.01,0,100,500,100,0,10,1,1,71,0,0,100.0022,0.001744,3,Inf,0.00921659,0,0.036,78293466
"330",1,0,2,0.6,50,0.1,1,0.01,5e-04,1500,5e-04,0.01,0,100,500,100,0,10,1,1,71,0,0,100.0004,0.001563,3,Inf,0.3430233,0,0.384,78414298
"331",1,0,2,0.6,50,0.1,1,0.01,1e-04,1500,1e-04,0.01,0,100,500,100,0,10,1,1,71,0,0,100.0001,0.001848,3,Inf,0.5688073,0,0.554,78445884
"332",1,0,2,0.6,50,0.1,1,0.01,0.1,1500,0.1,0.01,0,100,500,100,0,10,1,1,71,0,0,100.0054,0.001658,3,Inf,0,0,0.052,78491339
"333",1,0,2,0.6,50,0.1,1,0.01,0.1,1500,0.1,0.01,0,100,500,100,0,10,1,1,71,0,0,100.0042,0.001349,3,Inf,0,0,0.044,78917692
"334",1,0,2,0.6,50,0.1,1,0.01,0.001,1500,0.001,0.01,0,100,500,100,0,10,1,1,71,0,0,100.0023,0.002217,3,Inf,0.3690476,0,0.398,78978800
"335",1,0,2,0.6,50,0.1,1,0.01,0.01,1500,0.01,0.01,0,100,500,100,0,10,1,1,71,0,0,100.0003,0.001601,3,Inf,0.08040201,0,0.1,79290040
"336",1,0,2,0.6,50,0.1,1,0.01,0.1,1500,0.1,0.01,0,100,500,100,0,10,1,1,71,0,0,100.0004,0.001273,3,Inf,0.01980198,0.002,0.062,79310106
"337",1,0,2,0.6,50,0.1,1,0.01,0.002,1500,0.002,0.01,0,100,500,100,0,10,1,1,71,0,0,100.0045,0.001498,3,Inf,0.2352941,0,0.306,79343005
"338",1,0,2,0.6,50,0.1,1,0.01,0.001,1500,0.001,0.01,0,100,500,100,0,10,1,1,71,0,0,100.0005,0.002196,3,Inf,0.28125,0,0.328,79437652
"339",1,0,2,0.6,50,0.1,1,0.01,0.1,1500,0.1,0.01,0,100,500,100,0,10,1,1,71,0,0,100.0036,0.002062,3,Inf,0.005181347,0.004,0.048,79987055
"340",1,0,2,0.6,50,0.1,1,0.01,1e-04,1500,1e-04,0.01,0,100,500,100,0,10,1,1,71,0,0,100.0042,0.001484,3,Inf,0.4878049,0,0.51,79990453
"341",1,0,2,0.6,50,0.1,1,0.01,0.002,1500,0.002,0.01,0,100,500,100,0,10,1,1,71,0,0,100.0183,0.00232,3,Inf,0.2346939,0,0.286,80056358
"342",1,0,2,0.6,50,0.1,1,0.01,0.001,1500,0.001,0.01,0,100,500,100,0,10,1,1,71,0,0,100.0075,0.002046,3,Inf,0.3224044,0,0.354,80115602
"343",1,0,2,0.6,50,0.1,1,0.01,0.001,1500,0.001,0.01,0,100,500,100,0,10,1,1,71,0,0,100.0109,0.001234,3,Inf,0.3238095,0,0.358,80496263
"344",1,0,2,0.6,50,0.1,1,0.01,0.05,1500,0.05,0.01,0,100,500,100,0,10,1,1,71,0,0,100.0003,0.003085,3,Inf,0.01104972,0.002,0.056,80968898
"345",1,0,2,0.6,50,0.1,1,0.01,0.001,1500,0.001,0.01,0,100,500,100,0,10,1,1,71,0,0,100.0144,0.001312,3,Inf,0.3723404,0,0.422,81616983
"346",1,0,2,0.6,50,0.1,1,0.01,0.05,1500,0.05,0.01,0,100,500,100,0,10,1,1,71,0,0,100.0106,0.001727,3,Inf,0.01030928,0,0.056,81669767
"347",1,0,2,0.6,50,0.1,1,0.01,0.2,1500,0.2,0.01,0,100,500,100,0,10,1,1,71,0,0,100.0019,0.001326,3,Inf,0,0,0.038,81732555
"348",1,0,2,0.6,50,0.1,1,0.01,0.05,1500,0.05,0.01,0,100,500,100,0,10,1,1,71,0,0,100.0004,0.001439,3,Inf,0.009708738,0.004,0.052,81803738
"349",1,0,2,0.6,50,0.1,1,0.01,0.1,1500,0.1,0.01,0,100,500,100,0,10,1,1,71,0,0,100.0066,0.001291,3,Inf,0.01851852,0,0.04,81866744
"350",1,0,2,0.6,50,0.1,1,0.01,5e-04,1500,5e-04,0.01,0,100,500,100,0,10,1,1,71,0,0,100.0015,0.00199,3,Inf,0.3353293,0.002,0.394,82602078
"351",1,0,2,0.6,50,0.1,1,0.01,0.2,1500,0.2,0.01,0,100,500,100,0,10,1,1,71,0,0,100.0003,0.001514,3,Inf,0.004854369,0,0.024,82903885
"352",1,0,2,0.6,50,0.1,1,0.01,0.01,1500,0.01,0.01,0,100,500,100,0,10,1,1,71,0,0,100.0018,0.002266,3,Inf,0.06315789,0.004,0.116,83811549
"353",1,0,2,0.6,50,0.1,1,0.01,0.2,1500,0.2,0.01,0,100,500,100,0,10,1,1,71,0,0,100.014,0.001605,3,Inf,0.005,0,0.042,84035392
"354",1,0,2,0.6,50,0.1,1,0.01,2e-04,1500,2e-04,0.01,0,100,500,100,0,10,1,1,71,0,0,100.0092,0.001327,3,Inf,0.4972678,0,0.452,84124331
"355",1,0,2,0.6,50,0.1,1,0.01,0.002,1500,0.002,0.01,0,100,500,100,0,10,1,1,71,0,0,100.009,0.002397,3,Inf,0.2410256,0.002,0.284,8412441
"356",1,0,2,0.6,50,0.1,1,0.01,0.05,1500,0.05,0.01,0,100,500,100,0,10,1,1,71,0,0,100.0003,0.001638,3,Inf,0.005235602,0,0.046,84508404
"357",1,0,2,0.6,50,0.1,1,0.01,1e-04,1500,1e-04,0.01,0,100,500,100,0,10,1,1,71,0,0,100.0004,0.004325,3,Inf,0.4225352,0,0.452,84808028
"358",1,0,2,0.6,50,0.1,1,0.01,0.2,1500,0.2,0.01,0,100,500,100,0,10,1,1,71,0,0,100.0048,0.001887,3,Inf,0.005154639,0.002,0.026,84867937
"359",1,0,2,0.6,50,0.1,1,0.01,0.2,1500,0.2,0.01,0,100,500,100,0,10,1,1,71,0,0,100.0048,0.001428,3,Inf,0.02083333,0.002,0.036,84869229
"360",1,0,2,0.6,50,0.1,1,0.01,0.2,1500,0.2,0.01,0,100,500,100,0,10,1,1,71,0,0,100.0031,0.00174,3,Inf,0,0.002,0.036,8565163
"361",1,0,2,0.6,50,0.1,1,0.01,0.002,1500,0.002,0.01,0,100,500,100,0,10,1,1,71,0,0,100.001,0.002189,3,Inf,0.1804124,0.002,0.258,85975952
"362",1,0,2,0.6,50,0.1,1,0.01,0.01,1500,0.01,0.01,0,100,500,100,0,10,1,1,71,0,0,100.0008,0.001879,3,Inf,0.05418719,0.002,0.124,86004608
"363",1,0,2,0.6,50,0.1,1,0.01,2e-04,1500,2e-04,0.01,0,100,500,100,0,10,1,1,71,0,0,100.0026,0.001756,3,Inf,0.4333333,0,0.43,86115994
"364",1,0,2,0.6,50,0.1,1,0.01,0.1,1500,0.1,0.01,0,100,500,100,0,10,1,1,71,0,0,100.0011,0.001823,3,Inf,0.009852217,0,0.054,86121476
"365",1,0,2,0.6,50,0.1,1,0.01,0.1,1500,0.1,0.01,0,100,500,100,0,10,1,1,71,0,0,100.0012,0.001497,3,Inf,0.02380952,0,0.04,86184460
"366",1,0,2,0.6,50,0.1,1,0.01,2e-04,1500,2e-04,0.01,0,100,500,100,0,10,1,1,71,0,0,100.0024,0.001818,3,Inf,0.3925234,0.002,0.374,8664754
"367",1,0,2,0.6,50,0.1,1,0.01,0.001,1500,0.001,0.01,0,100,500,100,0,10,1,1,71,0,0,100.0159,0.001629,3,Inf,0.2473118,0,0.334,86730001
"368",1,0,2,0.6,50,0.1,1,0.01,1e-04,1500,1e-04,0.01,0,100,500,100,0,10,1,1,71,0,0,100.0015,0.001865,3,Inf,0.4120603,0,0.468,86894504
"369",1,0,2,0.6,50,0.1,1,0.01,0.01,1500,0.01,0.01,0,100,500,100,0,10,1,1,71,0,0,100.0122,0.004436,3,Inf,0.07446809,0,0.128,87192859
"370",1,0,2,0.6,50,0.1,1,0.01,2e-04,1500,2e-04,0.01,0,100,500,100,0,10,1,1,71,0,0,100.0072,0.00153,3,Inf,0.4153846,0,0.4,87323854
"371",1,0,2,0.6,50,0.1,1,0.01,0.01,1500,0.01,0.01,0,100,500,100,0,10,1,1,71,0,0,100.0012,0.00148,3,Inf,0.04347826,0.006,0.106,87605860
"372",1,0,2,0.6,50,0.1,1,0.01,0.05,1500,0.05,0.01,0,100,500,100,0,10,1,1,71,0,0,100.0015,0.00206,3,Inf,0.005076142,0,0.034,87917741
"373",1,0,2,0.6,50,0.1,1,0.01,1e-04,1500,1e-04,0.01,0,100,500,100,0,10,1,1,71,0,0,100.0057,0.001671,3,Inf,0.4619565,0.002,0.474,87978649
"374",1,0,2,0.6,50,0.1,1,0.01,0.1,1500,0.1,0.01,0,100,500,100,0,10,1,1,71,0,0,100.0037,0.001714,3,Inf,0.004926108,0,0.044,87980299
"375",1,0,2,0.6,50,0.1,1,0.01,0.1,1500,0.1,0.01,0,100,500,100,0,10,1,1,71,0,0,100.0004,0.001539,3,Inf,0,0.004,0.042,88014565
"376",1,0,2,0.6,50,0.1,1,0.01,2e-04,1500,2e-04,0.01,0,100,500,100,0,10,1,1,71,0,0,100.0027,0.001456,3,Inf,0.4175258,0,0.482,88065055
"377",1,0,2,0.6,50,0.1,1,0.01,1e-04,1500,1e-04,0.01,0,100,500,100,0,10,1,1,71,0,0,100.0076,0.001454,3,Inf,0.4702703,0,0.476,88067791
"378",1,0,2,0.6,50,0.1,1,0.01,0.05,1500,0.05,0.01,0,100,500,100,0,10,1,1,71,0,0,100.0006,0.001748,3,Inf,0.01415094,0,0.026,88105017
"379",1,0,2,0.6,50,0.1,1,0.01,1e-04,1500,1e-04,0.01,0,100,500,100,0,10,1,1,71,0,0,100.009,0.002022,3,Inf,0.495283,0,0.504,88733740
"380",1,0,2,0.6,50,0.1,1,0.01,2e-04,1500,2e-04,0.01,0,100,500,100,0,10,1,1,71,0,0,100.0011,0.001188,3,Inf,0.3865979,0,0.462,88789553
"381",1,0,2,0.6,50,0.1,1,0.01,0.001,1500,0.001,0.01,0,100,500,100,0,10,1,1,71,0,0,100.0149,0.005603,3,Inf,0.3085106,0,0.308,88806536
"382",1,0,2,0.6,50,0.1,1,0.01,5e-04,1500,5e-04,0.01,0,100,500,100,0,10,1,1,71,0,0,100.0067,0.001474,3,Inf,0.3246073,0,0.376,88874385
"383",1,0,2,0.6,50,0.1,1,0.01,0.001,1500,0.001,0.01,0,100,500,100,0,10,1,1,71,0,0,100.0003,0.001539,3,Inf,0.3243243,0,0.35,89168610
"384",1,0,2,0.6,50,0.1,1,0.01,0.2,1500,0.2,0.01,0,100,500,100,0,10,1,1,71,0,0,100.0012,0.001582,3,Inf,0.04371585,0,0.044,8921395
"385",1,0,2,0.6,50,0.1,1,0.01,0.002,1500,0.002,0.01,0,100,500,100,0,10,1,1,71,0,0,100.0101,0.001412,3,Inf,0.1758242,0.002,0.256,89312915
"386",1,0,2,0.6,50,0.1,1,0.01,2e-04,1500,2e-04,0.01,0,100,500,100,0,10,1,1,71,0,0,100.0016,0.001732,3,Inf,0.4946809,0.002,0.486,89380008
"387",1,0,2,0.6,50,0.1,1,0.01,0.1,1500,0.1,0.01,0,100,500,100,0,10,1,1,71,0,0,100.0003,0.001536,3,Inf,0,0,0.024,89541647
"388",1,0,2,0.6,50,0.1,1,0.01,0.1,1500,0.1,0.01,0,100,500,100,0,10,1,1,71,0,0,100.0015,0.001631,3,Inf,0.01030928,0.002,0.05,89552351
"389",1,0,2,0.6,50,0.1,1,0.01,0.002,1500,0.002,0.01,0,100,500,100,0,10,1,1,71,0,0,100.001,0.002637,3,Inf,0.2425743,0.002,0.266,89900261
"390",1,0,2,0.6,50,0.1,1,0.01,0.1,1500,0.1,0.01,0,100,500,100,0,10,1,1,71,0,0,100.013,0.001752,3,Inf,0.00952381,0.002,0.046,90037794
"391",1,0,2,0.6,50,0.1,1,0.01,0.002,1500,0.002,0.01,0,100,500,100,0,10,1,1,71,0,0,100.0001,0.00235,3,Inf,0.2216216,0.002,0.308,90176213
"392",1,0,2,0.6,50,0.1,1,0.01,1e-04,1500,1e-04,0.01,0,100,500,100,0,10,1,1,71,0,0,100.0072,0.002955,3,Inf,0.4976526,0.002,0.518,90355210
"393",1,0,2,0.6,50,0.1,1,0.01,0.01,1500,0.01,0.01,0,100,500,100,0,10,1,1,71,0,0,100.002,0.001659,3,Inf,0.08571429,0.002,0.138,90373518
"394",1,0,2,0.6,50,0.1,1,0.01,2e-04,1500,2e-04,0.01,0,100,500,100,0,10,1,1,71,0,0,100.0109,0.001808,3,Inf,0.4421053,0,0.462,90434530
"395",1,0,2,0.6,50,0.1,1,0.01,0.2,1500,0.2,0.01,0,100,500,100,0,10,1,1,71,0,0,100.0003,0.001479,3,Inf,0,0,0.038,90455415
"396",1,0,2,0.6,50,0.1,1,0.01,0.1,1500,0.1,0.01,0,100,500,100,0,10,1,1,71,0,0,100,0.002389,3,Inf,0,0.004,0.016,90501080
"397",1,0,2,0.6,50,0.1,1,0.01,0.002,1500,0.002,0.01,0,100,500,100,0,10,1,1,71,0,0,100.0002,0.001559,3,Inf,0.1948718,0,0.25,90534331
"398",1,0,2,0.6,50,0.1,1,0.01,0.002,1500,0.002,0.01,0,100,500,100,0,10,1,1,71,0,0,100.001,0.00157,3,Inf,0.1888889,0.002,0.268,90815552
"399",1,0,2,0.6,50,0.1,1,0.01,0.1,1500,0.1,0.01,0,100,500,100,0,10,1,1,71,0,0,100.0043,0.002235,3,Inf,0.009090909,0,0.05,91025689
"400",1,0,2,0.6,50,0.1,1,0.01,0.2,1500,0.2,0.01,0,100,500,100,0,10,1,1,71,0,0,100.0052,0.001618,3,Inf,0.005291005,0,0.028,91331713
"401",1,0,2,0.6,50,0.1,1,0.01,1e-04,1500,1e-04,0.01,0,100,500,100,0,10,1,1,71,0,0,100.0042,0.00174,3,Inf,0.5336538,0.002,0.504,91452989
"402",1,0,2,0.6,50,0.1,1,0.01,0.2,1500,0.2,0.01,0,100,500,100,0,10,1,1,71,0,0,100.0016,0.001462,3,Inf,0.01041667,0.002,0.04,91747826
"403",1,0,2,0.6,50,0.1,1,0.01,0.001,1500,0.001,0.01,0,100,500,100,0,10,1,1,71,0,0,100.0003,0.001162,3,Inf,0.3703704,0,0.364,91778880
"404",1,0,2,0.6,50,0.1,1,0.01,0.002,1500,0.002,0.01,0,100,500,100,0,10,1,1,71,0,0,100.0044,0.001572,3,Inf,0.257732,0,0.298,91792856
"405",1,0,2,0.6,50,0.1,1,0.01,0.002,1500,0.002,0.01,0,100,500,100,0,10,1,1,71,0,0,100.0056,0.002472,3,Inf,0.2335025,0.002,0.298,91982952
"406",1,0,2,0.6,50,0.1,1,0.01,5e-04,1500,5e-04,0.01,0,100,500,100,0,10,1,1,71,0,0,100.0033,0.002184,3,Inf,0.4154589,0,0.424,91988257
"407",1,0,2,0.6,50,0.1,1,0.01,5e-04,1500,5e-04,0.01,0,100,500,100,0,10,1,1,71,0,0,100.0035,0.001589,3,Inf,0.4102564,0,0.406,92321294
"408",1,0,2,0.6,50,0.1,1,0.01,0.002,1500,0.002,0.01,0,100,500,100,0,10,1,1,71,0,0,100.0052,0.002711,3,Inf,0.2135922,0,0.276,92334808
"409",1,0,2,0.6,50,0.1,1,0.01,0.2,1500,0.2,0.01,0,100,500,100,0,10,1,1,71,0,0,100.0067,0.001202,3,Inf,0.01058201,0,0.032,92349028
"410",1,0,2,0.6,50,0.1,1,0.01,0.1,1500,0.1,0.01,0,100,500,100,0,10,1,1,71,0,0,100.0003,0.001957,3,Inf,0.005434783,0.002,0.044,92471805
"411",1,0,2,0.6,50,0.1,1,0.01,0.05,1500,0.05,0.01,0,100,500,100,0,10,1,1,71,0,0,100.0035,0.001182,3,Inf,0.01449275,0,0.056,92548225
"412",1,0,2,0.6,50,0.1,1,0.01,0.05,1500,0.05,0.01,0,100,500,100,0,10,1,1,71,0,0,100.0001,0.001816,3,Inf,0,0.002,0.04,9257068
"413",1,0,2,0.6,50,0.1,1,0.01,0.1,1500,0.1,0.01,0,100,500,100,0,10,1,1,71,0,0,100.0027,0.001255,3,Inf,0.01025641,0.002,0.038,9259257
"414",1,0,2,0.6,50,0.1,1,0.01,0.01,1500,0.01,0.01,0,100,500,100,0,10,1,1,71,0,0,100.002,0.002147,3,Inf,0.07,0,0.11,92655153
"415",1,0,2,0.6,50,0.1,1,0.01,5e-04,1500,5e-04,0.01,0,100,500,100,0,10,1,1,71,0,0,100.0369,0.001286,3,Inf,0.3768844,0,0.372,92799496
"416",1,0,2,0.6,50,0.1,1,0.01,2e-04,1500,2e-04,0.01,0,100,500,100,0,10,1,1,71,0,0,100.0136,0.001365,3,Inf,0.4142857,0,0.434,92807692
"417",1,0,2,0.6,50,0.1,1,0.01,5e-04,1500,5e-04,0.01,0,100,500,100,0,10,1,1,71,0,0,100.0068,0.001497,3,Inf,0.305,0,0.328,93039128
"418",1,0,2,0.6,50,0.1,1,0.01,2e-04,1500,2e-04,0.01,0,100,500,100,0,10,1,1,71,0,0,100.0003,0.003255,3,Inf,0.4784946,0,0.442,93049347
"419",1,0,2,0.6,50,0.1,1,0.01,1e-04,1500,1e-04,0.01,0,100,500,100,0,10,1,1,71,0,0,100.0063,0.001715,3,Inf,0.4694836,0,0.472,93590899
"420",1,0,2,0.6,50,0.1,1,0.01,0.05,1500,0.05,0.01,0,100,500,100,0,10,1,1,71,0,0,100.0052,0.003347,3,Inf,0,0.002,0.048,93780494
"421",1,0,2,0.6,50,0.1,1,0.01,0.1,1500,0.1,0.01,0,100,500,100,0,10,1,1,71,0,0,100.0083,0.001805,3,Inf,0.01428571,0,0.034,93846708
"422",1,0,2,0.6,50,0.1,1,0.01,0.01,1500,0.01,0.01,0,100,500,100,0,10,1,1,71,0,0,100.007,0.001187,3,Inf,0.05741627,0,0.098,94132319
"423",1,0,2,0.6,50,0.1,1,0.01,0.1,1500,0.1,0.01,0,100,500,100,0,10,1,1,71,0,0,100.0012,0.001343,3,Inf,0.01005025,0,0.048,94390517
"424",1,0,2,0.6,50,0.1,1,0.01,5e-04,1500,5e-04,0.01,0,100,500,100,0,10,1,1,71,0,0,100.0055,0.001208,3,Inf,0.3383838,0,0.388,94437407
"425",1,0,2,0.6,50,0.1,1,0.01,2e-04,1500,2e-04,0.01,0,100,500,100,0,10,1,1,71,0,0,100.0051,0.001358,3,Inf,0.4813084,0,0.482,94999804
"426",1,0,2,0.6,50,0.1,1,0.01,0.001,1500,0.001,0.01,0,100,500,100,0,10,1,1,71,0,0,100.0007,0.001602,3,Inf,0.259434,0,0.316,95089163
"427",1,0,2,0.6,50,0.1,1,0.01,0.2,1500,0.2,0.01,0,100,500,100,0,10,1,1,71,0,0,100.0015,0.001905,3,Inf,0.009389671,0.004,0.036,95159135
"428",1,0,2,0.6,50,0.1,1,0.01,0.001,1500,0.001,0.01,0,100,500,100,0,10,1,1,71,0,0,100.0018,0.001211,3,Inf,0.2303665,0,0.304,95440755
"429",1,0,2,0.6,50,0.1,1,0.01,0.01,1500,0.01,0.01,0,100,500,100,0,10,1,1,71,0,0,100.004,0.002687,3,Inf,0.03825137,0.002,0.102,95447336
"430",1,0,2,0.6,50,0.1,1,0.01,0.05,1500,0.05,0.01,0,100,500,100,0,10,1,1,71,0,0,100.0103,0.001793,3,Inf,0.02020202,0.002,0.062,96273712
"431",1,0,2,0.6,50,0.1,1,0.01,5e-04,1500,5e-04,0.01,0,100,500,100,0,10,1,1,71,0,0,100.0076,0.001652,3,Inf,0.3602151,0,0.4,96320862
"432",1,0,2,0.6,50,0.1,1,0.01,0.2,1500,0.2,0.01,0,100,500,100,0,10,1,1,71,0,0,100.0102,0.001528,3,Inf,0,0,0.028,96572883
"433",1,0,2,0.6,50,0.1,1,0.01,1e-04,1500,1e-04,0.01,0,100,500,100,0,10,1,1,71,0,0,100.002,0.001934,3,Inf,0.4468085,0,0.462,96702462
"434",1,0,2,0.6,50,0.1,1,0.01,0.05,1500,0.05,0.01,0,100,500,100,0,10,1,1,71,0,0,100.0031,0.001808,3,Inf,0.01081081,0,0.054,96857461
"435",1,0,2,0.6,50,0.1,1,0.01,2e-04,1500,2e-04,0.01,0,100,500,100,0,10,1,1,71,0,0,100.001,0.001418,3,Inf,0.3834951,0,0.416,97124414
"436",1,0,2,0.6,50,0.1,1,0.01,2e-04,1500,2e-04,0.01,0,100,500,100,0,10,1,1,71,0,0,100.0003,0.001655,3,Inf,0.4388889,0.002,0.442,97174524
"437",1,0,2,0.6,50,0.1,1,0.01,2e-04,1500,2e-04,0.01,0,100,500,100,0,10,1,1,71,0,0,100.0006,0.001816,3,Inf,0.34375,0,0.436,97295170
"438",1,0,2,0.6,50,0.1,1,0.01,0.1,1500,0.1,0.01,0,100,500,100,0,10,1,1,71,0,0,100.0049,0.001243,3,Inf,0.004807692,0,0.03,97707605
"439",1,0,2,0.6,50,0.1,1,0.01,0.2,1500,0.2,0.01,0,100,500,100,0,10,1,1,71,0,0,100.0014,0.001728,3,Inf,0,0.002,0.04,97983071
"440",1,0,2,0.6,50,0.1,1,0.01,0.1,1500,0.1,0.01,0,100,500,100,0,10,1,1,71,0,0,100.004,0.002063,3,Inf,0.005208333,0.002,0.028,98106517
"441",1,0,2,0.6,50,0.1,1,0.01,0.1,1500,0.1,0.01,0,100,500,100,0,10,1,1,71,0,0,100.0003,0.001768,3,Inf,0.01570681,0,0.046,98268563
"442",1,0,2,0.6,50,0.1,1,0.01,5e-04,1500,5e-04,0.01,0,100,500,100,0,10,1,1,71,0,0,100.0025,0.00199,3,Inf,0.3977901,0,0.42,98270964
"443",1,0,2,0.6,50,0.1,1,0.01,0.05,1500,0.05,0.01,0,100,500,100,0,10,1,1,71,0,0,100.0018,0.001285,3,Inf,0.01129944,0,0.064,98687242
"444",1,0,2,0.6,50,0.1,1,0.01,0.001,1500,0.001,0.01,0,100,500,100,0,10,1,1,71,0,0,100.0001,0.002173,3,Inf,0.3405405,0.004,0.382,98882681
"445",1,0,2,0.6,50,0.1,1,0.01,1e-04,1500,1e-04,0.01,0,100,500,100,0,10,1,1,71,0,0,100.005,0.0013,3,Inf,0.4432432,0,0.456,99243310
"446",1,0,2,0.6,50,0.1,1,0.01,0.01,1500,0.01,0.01,0,100,500,100,0,10,1,1,71,0,0,100.0021,0.001629,3,Inf,0.06878307,0,0.124,99246459
"447",1,0,2,0.6,50,0.1,1,0.01,0.01,1500,0.01,0.01,0,100,500,100,0,10,1,1,71,0,0,100.0079,0.001945,3,Inf,0.03932584,0.002,0.1,99381749
"448",1,0,2,0.6,50,0.1,1,0.01,2e-04,1500,2e-04,0.01,0,100,500,100,0,10,1,1,71,0,0,100.0008,0.001248,3,Inf,0.3697917,0,0.432,9963153
"449",1,0,2,0.6,50,0.1,1,0.01,0.05,1500,0.05,0.01,0,100,500,100,0,10,1,1,71,0,0,100.0016,0.002796,3,Inf,0.009661836,0.004,0.058,99654665
