"","separation_distance","sites","rings","flow_rate","in_rate","out_rate","consistent_out_rate","fierce_reaction_rate","prop_formation_rate","prop_funnel_rate","prop_break_rate","adsorb_rate","independence_disadvantage","default_concentration","food_concentration","site_concentration","t_max","disturb_freq","recording_freq","chemostat","introspection","stop_time_hrs","allow_stopping","reboot","Fastest_reac_rate","End_time","Runtime","Max_cycles","Facultative_modifier","Relative_concentration","Approx_unoccupied_pixels","Sites_occupied","ID","ad_A_extinct","ad_NA_extinct","ad_none_extinct","ad_all_extinct","tot_A_extinct","tot_NA_extinct","tot_all_extinct","tot_none_extinct"
"1",3,2,2,0.6,50,0.1,1,0.01,0.01,1500,0.002,0.01,Inf,0,100,500,400,0,8,1,1,71,0,0,0.01,400.0001,0.001596,3,Inf,0.7815979,0.054,0.8257895,10143879,0,0,1,0,0,0,0,1
"2",7,2,2,0.6,50,0.1,1,0.01,0.01,1500,0.002,0.01,Inf,0,100,500,3500,0,70,1,1,71,0,0,0.01,3500,0.005912,3,Inf,0.9246691,0.046,0.9449474,10354150,0,0,1,0,0,0,0,1
"3",3,2,2,0.6,50,0.1,1,0.01,0.01,1500,0.002,0.01,Inf,0,100,500,400,0,8,1,1,71,0,0,0.01,400.0001,0.00381,3,Inf,0.8106136,0.054,0.8505263,10693775,0,0,1,0,0,0,0,1
"4",5,2,2,0.6,50,0.1,1,0.01,0.01,1500,0.002,0.01,Inf,0,100,500,1000,0,20,1,1,71,0,0,0.01,1000,0.003025,3,Inf,0.8574854,0.066,0.8910526,10800076,0,0,1,0,0,0,0,1
"5",3,2,2,0.6,50,0.1,1,0.01,0.01,1500,0.002,0.01,Inf,0,100,500,400,0,8,1,1,71,0,0,0.01,400,0.002062,3,Inf,0.5152999,0.024,0.5855789,1083890,0,0,1,0,0,0,0,1
"6",9,2,2,0.6,50,0.1,1,0.01,0.01,1500,0.002,0.01,Inf,0,100,500,10000,0,200,1,1,71,0,0,0.01,10000,0.014395,3,Inf,0.9226127,0.044,0.9450526,11614423,0,0,1,0,0,0,0,1
"7",7,2,2,0.6,50,0.1,1,0.01,0.01,1500,0.002,0.01,Inf,0,100,500,3500,0,70,1,1,71,0,0,0.01,3500,0.004852,3,Inf,0.9303148,0.044,0.9451579,11775842,0,0,1,0,0,0,0,1
"8",3,2,2,0.6,50,0.1,1,0.01,0.01,1500,0.002,0.01,Inf,0,100,500,400,0,8,1,1,71,0,0,0.01,400.0002,0.001686,3,Inf,0.7305195,0.032,0.7830526,12481286,0,0,1,0,0,0,0,1
"9",3,2,2,0.6,50,0.1,1,0.01,0.01,1500,0.002,0.01,Inf,0,100,500,400,0,8,1,1,71,0,0,0.01,400.0002,0.002987,3,Inf,0.7346666,0.028,0.7863158,12764155,0,0,1,0,0,0,0,1
"10",7,2,2,0.6,50,0.1,1,0.01,0.01,1500,0.002,0.01,Inf,0,100,500,3500,0,70,1,1,71,0,0,0.01,3500,0.004458,3,Inf,0.9292403,0.042,0.9452631,13693567,0,0,1,0,0,0,0,1
"11",3,2,2,0.6,50,0.1,1,0.01,0.01,1500,0.002,0.01,Inf,0,100,500,400,0,8,1,1,71,0,0,0.01,400.0001,0.001922,3,Inf,0.7703754,0.042,0.8148421,14100077,0,0,1,0,0,0,0,1
"12",9,2,2,0.6,50,0.1,1,0.01,0.01,1500,0.002,0.01,Inf,0,100,500,10000,0,200,1,1,71,0,0,0.01,10000,0.019177,3,Inf,0.9293866,0.06,0.9442105,16076528,0,0,1,0,0,0,0,1
"13",9,2,2,0.6,50,0.1,1,0.01,0.01,1500,0.002,0.01,Inf,0,100,500,10000,0,200,1,1,71,0,0,0.01,10000,0.009395,3,Inf,0.9312788,0.032,0.9457895,16308453,0,0,1,0,0,0,0,1
"14",3,2,2,0.6,50,0.1,1,0.01,0.01,1500,0.002,0.01,Inf,0,100,500,400,0,8,1,1,71,0,0,0.01,400.0001,0.001642,3,Inf,0.7258537,0.036,0.7814737,16910752,0,0,1,0,0,0,0,1
"15",5,2,2,0.6,50,0.1,1,0.01,0.01,1500,0.002,0.01,Inf,0,100,500,1000,0,20,1,1,71,0,0,0.01,1000,0.003239,3,Inf,0.8458856,0.034,0.8932632,17609180,0,0,1,0,0,0,0,1
"16",5,2,2,0.6,50,0.1,1,0.01,0.01,1500,0.002,0.01,Inf,0,100,500,1000,0,20,1,1,71,0,0,0.01,1000,0.003393,3,Inf,0.7167119,0.042,0.772,18322396,0,0,1,0,0,0,0,1
"17",9,2,2,0.6,50,0.1,1,0.01,0.01,1500,0.002,0.01,Inf,0,100,500,10000,0,200,1,1,71,0,0,0.01,10000,0.009071,3,Inf,0.9277704,0.048,0.9449474,19818492,0,0,1,0,0,0,0,1
"18",5,2,2,0.6,50,0.1,1,0.01,0.01,1500,0.002,0.01,Inf,0,100,500,1000,0,20,1,1,71,0,0,0.01,1000.001,0.00524,3,Inf,0.856546,0.046,0.8922105,20860720,0,0,1,0,0,0,0,1
"19",1,2,2,0.6,50,0.1,1,0.01,0.01,1500,0.002,0.01,Inf,0,100,500,200,0,4,1,1,71,0,0,0.01,200,0.002224,3,Inf,0.2555429,0.014,0.306421,2116619,0,0,1,0,0,0,0,1
"20",9,2,2,0.6,50,0.1,1,0.01,0.01,1500,0.002,0.01,Inf,0,100,500,10000,0,200,1,1,71,0,0,0.01,10000,0.009071,3,Inf,0.8666433,0.058,0.8917895,21180572,0,0,1,0,0,0,0,1
"21",1,2,2,0.6,50,0.1,1,0.01,0.01,1500,0.002,0.01,Inf,0,100,500,200,0,4,1,1,71,0,0,0.01,200.0002,0.007333,3,Inf,0.4409617,0.02,0.5070527,21208588,0,0,1,0,0,0,0,1
"22",5,2,2,0.6,50,0.1,1,0.01,0.01,1500,0.002,0.01,Inf,0,100,500,1000,0,20,1,1,71,0,0,0.01,1000,0.004537,3,Inf,0.8634284,0.034,0.9032632,21518672,0,0,1,0,0,0,0,1
"23",5,2,2,0.6,50,0.1,1,0.01,0.01,1500,0.002,0.01,Inf,0,100,500,1000,0,20,1,1,71,0,0,0.01,1000,0.002941,3,Inf,0.7581334,0.042,0.8122105,21648240,0,0,1,0,0,0,0,1
"24",7,2,2,0.6,50,0.1,1,0.01,0.01,1500,0.002,0.01,Inf,0,100,500,3500,0,70,1,1,71,0,0,0.01,3500,0.007457,3,Inf,0.8642263,0.038,0.8926316,22224028,0,0,1,0,0,0,0,1
"25",1,2,2,0.6,50,0.1,1,0.01,0.01,1500,0.002,0.01,Inf,0,100,500,200,0,4,1,1,71,0,0,0.01,200.0002,0.001093,3,Inf,0.2766446,0.014,0.3248421,22285290,0,0,1,0,0,0,0,1
"26",3,2,2,0.6,50,0.1,1,0.01,0.01,1500,0.002,0.01,Inf,0,100,500,400,0,8,1,1,71,0,0,0.01,400,0.002139,3,Inf,0.6746872,0.038,0.7333684,22878556,0,0,1,0,0,0,0,1
"27",9,2,2,0.6,50,0.1,1,0.01,0.01,1500,0.002,0.01,Inf,0,100,500,10000,0,200,1,1,71,0,0,0.01,10000,0.010755,3,Inf,0.9303688,0.058,0.9444211,23591440,0,0,1,0,0,0,0,1
"28",3,2,2,0.6,50,0.1,1,0.01,0.01,1500,0.002,0.01,Inf,0,100,500,400,0,8,1,1,71,0,0,0.01,400.0002,0.002896,3,Inf,0.6066038,0.046,0.684,24200232,0,0,1,0,0,0,0,1
"29",5,2,2,0.6,50,0.1,1,0.01,0.01,1500,0.002,0.01,Inf,0,100,500,1000,0,20,1,1,71,0,0,0.01,1000,0.005636,3,Inf,0.7847534,0.05,0.8392631,24598452,0,0,1,0,0,0,0,1
"30",5,2,2,0.6,50,0.1,1,0.01,0.01,1500,0.002,0.01,Inf,0,100,500,1000,0,20,1,1,71,0,0,0.01,1000,0.008824,3,Inf,0.8623239,0.05,0.8922105,25055292,0,0,1,0,0,0,0,1
"31",5,2,2,0.6,50,0.1,1,0.01,0.01,1500,0.002,0.01,Inf,0,100,500,1000,0,20,1,1,71,0,0,0.01,1000,0.004851,3,Inf,0.9315938,0.046,0.9447368,25073896,0,0,1,0,0,0,0,1
"32",7,2,2,0.6,50,0.1,1,0.01,0.01,1500,0.002,0.01,Inf,0,100,500,3500,0,70,1,1,71,0,0,0.01,3500,0.006485,3,Inf,0.8476844,0.048,0.8922105,2640527,0,0,1,0,0,0,0,1
"33",7,2,2,0.6,50,0.1,1,0.01,0.01,1500,0.002,0.01,Inf,0,100,500,3500,0,70,1,1,71,0,0,0.01,3500,0.007359,3,Inf,0.931502,0.052,0.9446316,26459932,0,0,1,0,0,0,0,1
"34",1,2,2,0.6,50,0.1,1,0.01,0.01,1500,0.002,0.01,Inf,0,100,500,200,0,4,1,1,71,0,0,0.01,200.0001,0.00184,3,Inf,0.2400344,0.028,0.2991579,27329688,0,0,1,0,0,0,0,1
"35",7,2,2,0.6,50,0.1,1,0.01,0.01,1500,0.002,0.01,Inf,0,100,500,3500,0,70,1,1,71,0,0,0.01,3500,0.005712,3,Inf,0.927305,0.02,0.9466316,27387192,0,0,1,0,0,0,0,1
"36",5,2,2,0.6,50,0.1,1,0.01,0.01,1500,0.002,0.01,Inf,0,100,500,1000,0,20,1,1,71,0,0,0.01,1000,0.003142,3,Inf,0.8265272,0.028,0.8669474,28848284,0,0,1,0,0,0,0,1
"37",7,2,2,0.6,50,0.1,1,0.01,0.01,1500,0.002,0.01,Inf,0,100,500,3500,0,70,1,1,71,0,0,0.01,3500,0.005492,3,Inf,0.9320214,0.062,0.9441053,30221968,0,0,1,0,0,0,0,1
"38",9,2,2,0.6,50,0.1,1,0.01,0.01,1500,0.002,0.01,Inf,0,100,500,10000,0,200,1,1,71,0,0,0.01,10000,0.00586,3,Inf,0.9225897,0.038,0.9454737,3060998,0,0,1,0,0,0,0,1
"39",7,2,2,0.6,50,0.1,1,0.01,0.01,1500,0.002,0.01,Inf,0,100,500,3500,0,70,1,1,71,0,0,0.01,3500,0.004286,3,Inf,0.8539172,0.05,0.8921053,31111006,0,0,1,0,0,0,0,1
"40",1,2,2,0.6,50,0.1,1,0.01,0.01,1500,0.002,0.01,Inf,0,100,500,200,0,4,1,1,71,0,0,0.01,200.0003,0.001314,3,Inf,0.2740162,0.01,0.3281053,31230946,0,0,1,0,0,0,0,1
"41",1,2,2,0.6,50,0.1,1,0.01,0.01,1500,0.002,0.01,Inf,0,100,500,200,0,4,1,1,71,0,0,0.01,200.0004,0.001305,3,Inf,0.2699765,0.012,0.3289474,32543016,0,0,1,0,0,0,0,1
"42",7,2,2,0.6,50,0.1,1,0.01,0.01,1500,0.002,0.01,Inf,0,100,500,3500,0,70,1,1,71,0,0,0.01,3500,0.005386,3,Inf,0.9269091,0.05,0.9447368,35050932,0,0,1,0,0,0,0,1
"43",3,2,2,0.6,50,0.1,1,0.01,0.01,1500,0.002,0.01,Inf,0,100,500,400,0,8,1,1,71,0,0,0.01,400.0001,0.001417,3,Inf,0.7157964,0.028,0.7823158,35127564,0,0,1,0,0,0,0,1
"44",9,2,2,0.6,50,0.1,1,0.01,0.01,1500,0.002,0.01,Inf,0,100,500,10000,0,200,1,1,71,0,0,0.01,10000,0.010051,3,Inf,0.9299145,0.026,0.9461052,35158856,0,0,1,0,0,0,0,1
"45",5,2,2,0.6,50,0.1,1,0.01,0.01,1500,0.002,0.01,Inf,0,100,500,1000,0,20,1,1,71,0,0,0.01,1000,0.003347,3,Inf,0.8106605,0.046,0.852,35242072,0,0,1,0,0,0,0,1
"46",7,2,2,0.6,50,0.1,1,0.01,0.01,1500,0.002,0.01,Inf,0,100,500,3500,0,70,1,1,71,0,0,0.01,3500,0.005834,3,Inf,0.7422267,0.04,0.8001053,35658260,0,0,1,0,0,0,0,1
"47",9,2,2,0.6,50,0.1,1,0.01,0.01,1500,0.002,0.01,Inf,0,100,500,10000,0,200,1,1,71,0,0,0.01,10000,0.01203,3,Inf,0.9275522,0.048,0.9449474,35693652,0,0,1,0,0,0,0,1
"48",7,2,2,0.6,50,0.1,1,0.01,0.01,1500,0.002,0.01,Inf,0,100,500,3500,0,70,1,1,71,0,0,0.01,3500,0.01006,3,Inf,0.9271227,0.07,0.9436842,36047776,0,0,1,0,0,0,0,1
"49",5,2,2,0.6,50,0.1,1,0.01,0.01,1500,0.002,0.01,Inf,0,100,500,1000,0,20,1,1,71,0,0,0.01,1000,0.003353,3,Inf,0.8366678,0.024,0.87,36736932,0,0,1,0,0,0,0,1
"50",7,2,2,0.6,50,0.1,1,0.01,0.01,1500,0.002,0.01,Inf,0,100,500,3500,0,70,1,1,71,0,0,0.01,3500,0.006696,3,Inf,0.8600482,0.048,0.8922105,37005180,0,0,1,0,0,0,0,1
"51",3,2,2,0.6,50,0.1,1,0.01,0.01,1500,0.002,0.01,Inf,0,100,500,400,0,8,1,1,71,0,0,0.01,400.0002,0.002121,3,Inf,0.6561086,0.036,0.7195789,37738920,0,0,1,0,0,0,0,1
"52",7,2,2,0.6,50,0.1,1,0.01,0.01,1500,0.002,0.01,Inf,0,100,500,3500,0,70,1,1,71,0,0,0.01,3500,0.00661,3,Inf,0.9316359,0.03,0.9457895,37761412,0,0,1,0,0,0,0,1
"53",7,2,2,0.6,50,0.1,1,0.01,0.01,1500,0.002,0.01,Inf,0,100,500,3500,0,70,1,1,71,0,0,0.01,3500,0.008978,3,Inf,0.9260313,0.058,0.9444211,38465228,0,0,1,0,0,0,0,1
"54",5,2,2,0.6,50,0.1,1,0.01,0.01,1500,0.002,0.01,Inf,0,100,500,1000,0,20,1,1,71,0,0,0.01,1000,0.011239,3,Inf,0.861376,0.04,0.8925263,3850824,0,0,1,0,0,0,0,1
"55",3,2,2,0.6,50,0.1,1,0.01,0.01,1500,0.002,0.01,Inf,0,100,500,400,0,8,1,1,71,0,0,0.01,400.0001,0.001647,3,Inf,0.6621931,0.046,0.72,39185568,0,0,1,0,0,0,0,1
"56",3,2,2,0.6,50,0.1,1,0.01,0.01,1500,0.002,0.01,Inf,0,100,500,400,0,8,1,1,71,0,0,0.01,400.0003,0.001647,3,Inf,0.7286318,0.038,0.7838947,40369972,0,0,1,0,0,0,0,1
"57",1,2,2,0.6,50,0.1,1,0.01,0.01,1500,0.002,0.01,Inf,0,100,500,200,0,4,1,1,71,0,0,0.01,200,0.001709,3,Inf,0.3254438,0.01,0.3776842,43801616,0,0,1,0,0,0,0,1
"58",7,2,2,0.6,50,0.1,1,0.01,0.01,1500,0.002,0.01,Inf,0,100,500,3500,0,70,1,1,71,0,0,0.01,3500,0.008448,3,Inf,0.9295972,0.036,0.9454737,4416225,0,0,1,0,0,0,0,1
"59",3,2,2,0.6,50,0.1,1,0.01,0.01,1500,0.002,0.01,Inf,0,100,500,400,0,8,1,1,71,0,0,0.01,400.0001,0.001641,3,Inf,0.6132472,0.03,0.6817895,45207708,0,0,1,0,0,0,0,1
"60",9,2,2,0.6,50,0.1,1,0.01,0.01,1500,0.002,0.01,Inf,0,100,500,10000,0,200,1,1,71,0,0,0.01,10000,0.008923,3,Inf,0.7883456,0.04,0.8402105,4568569,0,0,1,0,0,0,0,1
"61",7,2,2,0.6,50,0.1,1,0.01,0.01,1500,0.002,0.01,Inf,0,100,500,3500,0,70,1,1,71,0,0,0.01,3500,0.007786,3,Inf,0.9254944,0.072,0.9437895,45758044,0,0,1,0,0,0,0,1
"62",7,2,2,0.6,50,0.1,1,0.01,0.01,1500,0.002,0.01,Inf,0,100,500,3500,0,70,1,1,71,0,0,0.01,3500,0.005289,3,Inf,0.9289733,0.048,0.9448421,46277340,0,0,1,0,0,0,0,1
"63",1,2,2,0.6,50,0.1,1,0.01,0.01,1500,0.002,0.01,Inf,0,100,500,200,0,4,1,1,71,0,0,0.01,200,0.001645,3,Inf,0.2732163,0.022,0.3338947,47248212,0,0,1,0,0,0,0,1
"64",5,2,2,0.6,50,0.1,1,0.01,0.01,1500,0.002,0.01,Inf,0,100,500,1000,0,20,1,1,71,0,0,0.01,1000,0.002879,3,Inf,0.7966778,0.026,0.8409474,47539092,0,0,1,0,0,0,0,1
"65",9,2,2,0.6,50,0.1,1,0.01,0.01,1500,0.002,0.01,Inf,0,100,500,10000,0,200,1,1,71,0,0,0.01,10000,0.015384,3,Inf,0.9274336,0.032,0.9456842,47560640,0,0,1,0,0,0,0,1
"66",7,2,2,0.6,50,0.1,1,0.01,0.01,1500,0.002,0.01,Inf,0,100,500,3500,0,70,1,1,71,0,0,0.01,3500,0.005738,3,Inf,0.8686233,0.048,0.8923158,47585108,0,0,1,0,0,0,0,1
"67",7,2,2,0.6,50,0.1,1,0.01,0.01,1500,0.002,0.01,Inf,0,100,500,3500,0,70,1,1,71,0,0,0.01,3500,0.006132,3,Inf,0.9207534,0.032,0.9456842,49223496,0,0,1,0,0,0,0,1
"68",5,2,2,0.6,50,0.1,1,0.01,0.01,1500,0.002,0.01,Inf,0,100,500,1000,0,20,1,1,71,0,0,0.01,1000,0.004792,3,Inf,0.8241357,0.052,0.8615789,49562268,0,0,1,0,0,0,0,1
"69",1,2,2,0.6,50,0.1,1,0.01,0.01,1500,0.002,0.01,Inf,0,100,500,200,0,4,1,1,71,0,0,0.01,200.0003,0.001084,3,Inf,0.3437866,0.01,0.4158947,49636200,0,0,1,0,0,0,0,1
"70",1,2,2,0.6,50,0.1,1,0.01,0.01,1500,0.002,0.01,Inf,0,100,500,200,0,4,1,1,71,0,0,0.01,200.0003,0.001131,3,Inf,0.2901326,0.026,0.3496842,49940684,0,0,1,0,0,0,0,1
"71",9,2,2,0.6,50,0.1,1,0.01,0.01,1500,0.002,0.01,Inf,0,100,500,10000,0,200,1,1,71,0,0,0.01,10000,0.005449,3,Inf,0.9234168,0.03,0.9457895,50107372,0,0,1,0,0,0,0,1
"72",5,2,2,0.6,50,0.1,1,0.01,0.01,1500,0.002,0.01,Inf,0,100,500,1000,0,20,1,1,71,0,0,0.01,1000,0.002734,3,Inf,0.810436,0.036,0.8536842,5075650,0,0,1,0,0,0,0,1
"73",1,2,2,0.6,50,0.1,1,0.01,0.01,1500,0.002,0.01,Inf,0,100,500,200,0,4,1,1,71,0,0,0.01,200.0003,0.001371,3,Inf,0.3501934,0.008,0.4003158,50921144,0,0,1,0,0,0,0,1
"74",5,2,2,0.6,50,0.1,1,0.01,0.01,1500,0.002,0.01,Inf,0,100,500,1000,0,20,1,1,71,0,0,0.01,1000,0.002826,3,Inf,0.8660446,0.052,0.8921053,51481688,0,0,1,0,0,0,0,1
"75",5,2,2,0.6,50,0.1,1,0.01,0.01,1500,0.002,0.01,Inf,0,100,500,1000,0,20,1,1,71,0,0,0.01,1000,0.00394,3,Inf,0.8697479,0.054,0.9030526,51500348,0,0,1,0,0,0,0,1
"76",1,2,2,0.6,50,0.1,1,0.01,0.01,1500,0.002,0.01,Inf,0,100,500,200,0,4,1,1,71,0,0,0.01,200.0001,0.001135,3,Inf,0.3054588,0.022,0.3641053,51972724,0,0,1,0,0,0,0,1
"77",9,2,2,0.6,50,0.1,1,0.01,0.01,1500,0.002,0.01,Inf,0,100,500,10000,0,200,1,1,71,0,0,0.01,10000,0.009965,3,Inf,0.9262006,0.044,0.9451579,52178936,0,0,1,0,0,0,0,1
"78",9,2,2,0.6,50,0.1,1,0.01,0.01,1500,0.002,0.01,Inf,0,100,500,10000,0,200,1,1,71,0,0,0.01,10000,0.008463,3,Inf,0.9299691,0.05,0.9448421,53314356,0,0,1,0,0,0,0,1
"79",7,2,2,0.6,50,0.1,1,0.01,0.01,1500,0.002,0.01,Inf,0,100,500,3500,0,70,1,1,71,0,0,0.01,3500,0.005735,3,Inf,0.8627383,0.026,0.8934737,53864756,0,0,1,0,0,0,0,1
"80",1,2,2,0.6,50,0.1,1,0.01,0.01,1500,0.002,0.01,Inf,0,100,500,200,0,4,1,1,71,0,0,0.01,200.0002,0.001223,3,Inf,0.3411229,0.01,0.408,55792060,0,0,1,0,0,0,0,1
"81",7,2,2,0.6,50,0.1,1,0.01,0.01,1500,0.002,0.01,Inf,0,100,500,3500,0,70,1,1,71,0,0,0.01,3500,0.006622,3,Inf,0.8735124,0.036,0.9050526,56081448,0,0,1,0,0,0,0,1
"82",9,2,2,0.6,50,0.1,1,0.01,0.01,1500,0.002,0.01,Inf,0,100,500,10000,0,200,1,1,71,0,0,0.01,10000,0.009196,3,Inf,0.9217483,0.048,0.9448421,56419252,0,0,1,0,0,0,0,1
"83",3,2,2,0.6,50,0.1,1,0.01,0.01,1500,0.002,0.01,Inf,0,100,500,400,0,8,1,1,71,0,0,0.01,400.0001,0.003242,3,Inf,0.6185898,0.034,0.6798947,56592544,0,0,1,0,0,0,0,1
"84",9,2,2,0.6,50,0.1,1,0.01,0.01,1500,0.002,0.01,Inf,0,100,500,10000,0,200,1,1,71,0,0,0.01,10000,0.011282,3,Inf,0.848227,0.062,0.8916842,56948976,0,0,1,0,0,0,0,1
"85",9,2,2,0.6,50,0.1,1,0.01,0.01,1500,0.002,0.01,Inf,0,100,500,10000,0,200,1,1,71,0,0,0.01,10000,0.005532,3,Inf,0.9254417,0.06,0.9442105,57827636,0,0,1,0,0,0,0,1
"86",1,2,2,0.6,50,0.1,1,0.01,0.01,1500,0.002,0.01,Inf,0,100,500,200,0,4,1,1,71,0,0,0.01,200.0004,0.001558,3,Inf,0.2773085,0.024,0.3431579,57924240,0,0,1,0,0,0,0,1
"87",7,2,2,0.6,50,0.1,1,0.01,0.01,1500,0.002,0.01,Inf,0,100,500,3500,0,70,1,1,71,0,0,0.01,3500,0.007516,3,Inf,0.8804458,0.046,0.9054737,58814320,0,0,1,0,0,0,0,1
"88",1,2,2,0.6,50,0.1,1,0.01,0.01,1500,0.002,0.01,Inf,0,100,500,200,0,4,1,1,71,0,0,0.01,200.0002,0.001438,3,Inf,0.2661105,0.018,0.3249474,5941317,0,0,1,0,0,0,0,1
"89",9,2,2,0.6,50,0.1,1,0.01,0.01,1500,0.002,0.01,Inf,0,100,500,10000,0,200,1,1,71,0,0,0.01,10000,0.008984,3,Inf,0.9240506,0.06,0.9442105,59512756,0,0,1,0,0,0,0,1
"90",7,2,2,0.6,50,0.1,1,0.01,0.01,1500,0.002,0.01,Inf,0,100,500,3500,0,70,1,1,71,0,0,0.01,3500,0.005539,3,Inf,0.935598,0.04,0.9452631,59784752,0,0,1,0,0,0,0,1
"91",1,2,2,0.6,50,0.1,1,0.01,0.01,1500,0.002,0.01,Inf,0,100,500,200,0,4,1,1,71,0,0,0.01,200.0003,0.001136,3,Inf,0.3039954,0.016,0.3643158,60360224,0,0,1,0,0,0,0,1
"92",3,2,2,0.6,50,0.1,1,0.01,0.01,1500,0.002,0.01,Inf,0,100,500,400,0,8,1,1,71,0,0,0.01,400.0001,0.001636,3,Inf,0.6988068,0.038,0.7673684,60961504,0,0,1,0,0,0,0,1
"93",1,2,2,0.6,50,0.1,1,0.01,0.01,1500,0.002,0.01,Inf,0,100,500,200,0,4,1,1,71,0,0,0.01,200,0.001446,3,Inf,0.2272097,0.006,0.276421,61312892,0,0,1,0,0,0,0,1
"94",5,2,2,0.6,50,0.1,1,0.01,0.01,1500,0.002,0.01,Inf,0,100,500,1000,0,20,1,1,71,0,0,0.01,1000,0.002289,3,Inf,0.8136688,0.028,0.8648421,61780664,0,0,1,0,0,0,0,1
"95",1,2,2,0.6,50,0.1,1,0.01,0.01,1500,0.002,0.01,Inf,0,100,500,200,0,4,1,1,71,0,0,0.01,200.0001,0.001062,3,Inf,0.2115869,0.02,0.2729474,62892556,0,0,1,0,0,0,0,1
"96",9,2,2,0.6,50,0.1,1,0.01,0.01,1500,0.002,0.01,Inf,0,100,500,10000,0,200,1,1,71,0,0,0.01,10000,0.009469,3,Inf,0.928941,0.056,0.9444211,6418137,0,0,1,0,0,0,0,1
"97",9,2,2,0.6,50,0.1,1,0.01,0.01,1500,0.002,0.01,Inf,0,100,500,10000,0,200,1,1,71,0,0,0.01,10000,0.017625,3,Inf,0.9238526,0.068,0.9437895,6562416,0,0,1,0,0,0,0,1
"98",3,2,2,0.6,50,0.1,1,0.01,0.01,1500,0.002,0.01,Inf,0,100,500,400,0,8,1,1,71,0,0,0.01,400,0.0018,3,Inf,0.6813115,0.03,0.7326316,66576420,0,0,1,0,0,0,0,1
"99",1,2,2,0.6,50,0.1,1,0.01,0.01,1500,0.002,0.01,Inf,0,100,500,200,0,4,1,1,71,0,0,0.01,200.0005,0.003575,3,Inf,0.2318233,0.006,0.2872632,66786080,0,0,1,0,0,0,0,1
"100",7,2,2,0.6,50,0.1,1,0.01,0.01,1500,0.002,0.01,Inf,0,100,500,3500,0,70,1,1,71,0,0,0.01,3500,0.006095,3,Inf,0.8615658,0.042,0.8926316,67598512,0,0,1,0,0,0,0,1
"101",1,2,2,0.6,50,0.1,1,0.01,0.01,1500,0.002,0.01,Inf,0,100,500,200,0,4,1,1,71,0,0,0.01,200,0.001618,3,Inf,0.3758001,0.018,0.4346316,67694568,0,0,1,0,0,0,0,1
"102",7,2,2,0.6,50,0.1,1,0.01,0.01,1500,0.002,0.01,Inf,0,100,500,3500,0,70,1,1,71,0,0,0.01,3500,0.008025,3,Inf,0.9349701,0.022,0.9462105,6798890,0,0,1,0,0,0,0,1
"103",1,2,2,0.6,50,0.1,1,0.01,0.01,1500,0.002,0.01,Inf,0,100,500,200,0,4,1,1,71,0,0,0.01,200.0003,0.001606,3,Inf,0.300231,0.014,0.3472632,68043824,0,0,1,0,0,0,0,1
"104",3,2,2,0.6,50,0.1,1,0.01,0.01,1500,0.002,0.01,Inf,0,100,500,400,0,8,1,1,71,0,0,0.01,400.0001,0.002813,3,Inf,0.729072,0.032,0.7868421,68699568,0,0,1,0,0,0,0,1
"105",9,2,2,0.6,50,0.1,1,0.01,0.01,1500,0.002,0.01,Inf,0,100,500,10000,0,200,1,1,71,0,0,0.01,10000,0.008943,3,Inf,0.9322158,0.042,0.9451579,6905725,0,0,1,0,0,0,0,1
"106",9,2,2,0.6,50,0.1,1,0.01,0.01,1500,0.002,0.01,Inf,0,100,500,10000,0,200,1,1,71,0,0,0.01,10000,0.011661,3,Inf,0.9302163,0.038,0.9454737,6969115,0,0,1,0,0,0,0,1
"107",5,2,2,0.6,50,0.1,1,0.01,0.01,1500,0.002,0.01,Inf,0,100,500,1000,0,20,1,1,71,0,0,0.01,1000,0.005884,3,Inf,0.8735907,0.04,0.9056842,70302416,0,0,1,0,0,0,0,1
"108",7,2,2,0.6,50,0.1,1,0.01,0.01,1500,0.002,0.01,Inf,0,100,500,3500,0,70,1,1,71,0,0,0.01,3500,0.003242,3,Inf,0.8549137,0.06,0.891579,71803664,0,0,1,0,0,0,0,1
"109",5,2,2,0.6,50,0.1,1,0.01,0.01,1500,0.002,0.01,Inf,0,100,500,1000,0,20,1,1,71,0,0,0.01,1000,0.003423,3,Inf,0.8790519,0.044,0.9046316,72050680,0,0,1,0,0,0,0,1
"110",1,2,2,0.6,50,0.1,1,0.01,0.01,1500,0.002,0.01,Inf,0,100,500,200,0,4,1,1,71,0,0,0.01,200.0001,0.001731,3,Inf,0.245563,0.016,0.3029474,72575232,0,0,1,0,0,0,0,1
"111",7,2,2,0.6,50,0.1,1,0.01,0.01,1500,0.002,0.01,Inf,0,100,500,3500,0,70,1,1,71,0,0,0.01,3500,0.004869,3,Inf,0.9266521,0.042,0.9451579,73638984,0,0,1,0,0,0,0,1
"112",1,2,2,0.6,50,0.1,1,0.01,0.01,1500,0.002,0.01,Inf,0,100,500,200,0,4,1,1,71,0,0,0.01,200.0008,0.001528,3,Inf,0.2733485,0.022,0.3217895,73908776,0,0,1,0,0,0,0,1
"113",1,2,2,0.6,50,0.1,1,0.01,0.01,1500,0.002,0.01,Inf,0,100,500,200,0,4,1,1,71,0,0,0.01,200.0001,0.001869,3,Inf,0.2348593,0.018,0.295579,74044056,0,0,1,0,0,0,0,1
"114",1,2,2,0.6,50,0.1,1,0.01,0.01,1500,0.002,0.01,Inf,0,100,500,200,0,4,1,1,71,0,0,0.01,200.0001,0.001618,3,Inf,0.3733177,0.024,0.4391579,74144896,0,0,1,0,0,0,0,1
"115",3,2,2,0.6,50,0.1,1,0.01,0.01,1500,0.002,0.01,Inf,0,100,500,400,0,8,1,1,71,0,0,0.01,400.0001,0.002083,3,Inf,0.6459028,0.044,0.7174737,74198400,0,0,1,0,0,0,0,1
"116",3,2,2,0.6,50,0.1,1,0.01,0.01,1500,0.002,0.01,Inf,0,100,500,400,0,8,1,1,71,0,0,0.01,400.0002,0.002001,3,Inf,0.676366,0.018,0.7348421,7531577,0,0,1,0,0,0,0,1
"117",5,2,2,0.6,50,0.1,1,0.01,0.01,1500,0.002,0.01,Inf,0,100,500,1000,0,20,1,1,71,0,0,0.01,1000,0.005552,3,Inf,0.8783322,0.034,0.9053684,76331712,0,0,1,0,0,0,0,1
"118",3,2,2,0.6,50,0.1,1,0.01,0.01,1500,0.002,0.01,Inf,0,100,500,400,0,8,1,1,71,0,0,0.01,400.0002,0.006221,3,Inf,0.662768,0.03,0.7322105,7715295,0,0,1,0,0,0,0,1
"119",3,2,2,0.6,50,0.1,1,0.01,0.01,1500,0.002,0.01,Inf,0,100,500,400,0,8,1,1,71,0,0,0.01,400.0002,0.001464,3,Inf,0.7085362,0.024,0.7561052,78071848,0,0,1,0,0,0,0,1
"120",9,2,2,0.6,50,0.1,1,0.01,0.01,1500,0.002,0.01,Inf,0,100,500,10000,0,200,1,1,71,0,0,0.01,10000,0.02777,3,Inf,0.861871,0.054,0.892,78114328,0,0,1,0,0,0,0,1
"121",1,2,2,0.6,50,0.1,1,0.01,0.01,1500,0.002,0.01,Inf,0,100,500,200,0,4,1,1,71,0,0,0.01,200.0004,0.001236,3,Inf,0.4158625,0.022,0.4758947,78167648,0,0,1,0,0,0,0,1
"122",3,2,2,0.6,50,0.1,1,0.01,0.01,1500,0.002,0.01,Inf,0,100,500,400,0,8,1,1,71,0,0,0.01,400,0.001949,3,Inf,0.6743256,0.022,0.736421,79387744,0,0,1,0,0,0,0,1
"123",5,2,2,0.6,50,0.1,1,0.01,0.01,1500,0.002,0.01,Inf,0,100,500,1000,0,20,1,1,71,0,0,0.01,1000,0.004443,3,Inf,0.8336174,0.05,0.8665263,79514648,0,0,1,0,0,0,0,1
"124",5,2,2,0.6,50,0.1,1,0.01,0.01,1500,0.002,0.01,Inf,0,100,500,1000,0,20,1,1,71,0,0,0.01,1000,0.002539,3,Inf,0.9283456,0.048,0.9449474,80402544,0,0,1,0,0,0,0,1
"125",1,2,2,0.6,50,0.1,1,0.01,0.01,1500,0.002,0.01,Inf,0,100,500,200,0,4,1,1,71,0,0,0.01,200.0003,0.001213,3,Inf,0.261295,0.01,0.3185263,8159860,0,0,1,0,0,0,0,1
"126",3,2,2,0.6,50,0.1,1,0.01,0.01,1500,0.002,0.01,Inf,0,100,500,400,0,8,1,1,71,0,0,0.01,400.0004,0.001644,3,Inf,0.6563935,0.036,0.7196842,81875416,0,0,1,0,0,0,0,1
"127",3,2,2,0.6,50,0.1,1,0.01,0.01,1500,0.002,0.01,Inf,0,100,500,400,0,8,1,1,71,0,0,0.01,400,0.002735,3,Inf,0.7015504,0.03,0.7602105,81959168,0,0,1,0,0,0,0,1
"128",9,2,2,0.6,50,0.1,1,0.01,0.01,1500,0.002,0.01,Inf,0,100,500,10000,0,200,1,1,71,0,0,0.01,10000,0.016394,3,Inf,0.8550724,0.044,0.8925263,8208586,0,0,1,0,0,0,0,1
"129",9,2,2,0.6,50,0.1,1,0.01,0.01,1500,0.002,0.01,Inf,0,100,500,10000,0,200,1,1,71,0,0,0.01,10000,0.011272,3,Inf,0.9224138,0.082,0.9431579,83021664,0,0,1,0,0,0,0,1
"130",1,2,2,0.6,50,0.1,1,0.01,0.01,1500,0.002,0.01,Inf,0,100,500,200,0,4,1,1,71,0,0,0.01,200.0005,0.001873,3,Inf,0.3272727,0.006,0.380421,83716352,0,0,1,0,0,0,0,1
"131",3,2,2,0.6,50,0.1,1,0.01,0.01,1500,0.002,0.01,Inf,0,100,500,400,0,8,1,1,71,0,0,0.01,400,0.002127,3,Inf,0.7209302,0.042,0.7825263,84037464,0,0,1,0,0,0,0,1
"132",3,2,2,0.6,50,0.1,1,0.01,0.01,1500,0.002,0.01,Inf,0,100,500,400,0,8,1,1,71,0,0,0.01,400.0001,0.002477,3,Inf,0.6533203,0.03,0.7236842,84274768,0,0,1,0,0,0,0,1
"133",5,2,2,0.6,50,0.1,1,0.01,0.01,1500,0.002,0.01,Inf,0,100,500,1000,0,20,1,1,71,0,0,0.01,1000,0.002945,3,Inf,0.7553577,0.028,0.8110526,85721664,0,0,1,0,0,0,0,1
"134",1,2,2,0.6,50,0.1,1,0.01,0.01,1500,0.002,0.01,Inf,0,100,500,200,0,4,1,1,71,0,0,0.01,200.0003,0.001425,3,Inf,0.2741529,0.014,0.3262105,88389728,0,0,1,0,0,0,0,1
"135",5,2,2,0.6,50,0.1,1,0.01,0.01,1500,0.002,0.01,Inf,0,100,500,1000,0,20,1,1,71,0,0,0.01,1000,0.003292,3,Inf,0.8178706,0.044,0.8654737,88579776,0,0,1,0,0,0,0,1
"136",5,2,2,0.6,50,0.1,1,0.01,0.01,1500,0.002,0.01,Inf,0,100,500,1000,0,20,1,1,71,0,0,0.01,1000,0.004444,3,Inf,0.7616699,0.034,0.8131579,89921616,0,0,1,0,0,0,0,1
"137",7,2,2,0.6,50,0.1,1,0.01,0.01,1500,0.002,0.01,Inf,0,100,500,3500,0,70,1,1,71,0,0,0.01,3500,0.006074,3,Inf,0.9254039,0.058,0.9445263,90330032,0,0,1,0,0,0,0,1
"138",9,2,2,0.6,50,0.1,1,0.01,0.01,1500,0.002,0.01,Inf,0,100,500,10000,0,200,1,1,71,0,0,0.01,10000,0.009735,3,Inf,0.8607204,0.044,0.8925263,91423736,0,0,1,0,0,0,0,1
"139",5,2,2,0.6,50,0.1,1,0.01,0.01,1500,0.002,0.01,Inf,0,100,500,1000,0,20,1,1,71,0,0,0.01,1000,0.00391,3,Inf,0.7693076,0.032,0.8131579,92115600,0,0,1,0,0,0,0,1
"140",7,2,2,0.6,50,0.1,1,0.01,0.01,1500,0.002,0.01,Inf,0,100,500,3500,0,70,1,1,71,0,0,0.01,3500,0.007813,3,Inf,0.8329363,0.036,0.866,9355284,0,0,1,0,0,0,0,1
"141",5,2,2,0.6,50,0.1,1,0.01,0.01,1500,0.002,0.01,Inf,0,100,500,1000,0,20,1,1,71,0,0,0.01,1000,0.002744,3,Inf,0.8571429,0.032,0.8930526,9391627,0,0,1,0,0,0,0,1
"142",5,2,2,0.6,50,0.1,1,0.01,0.01,1500,0.002,0.01,Inf,0,100,500,1000,0,20,1,1,71,0,0,0.01,1000,0.006427,3,Inf,0.7390584,0.064,0.798,94003568,0,0,1,0,0,0,0,1
"143",3,2,2,0.6,50,0.1,1,0.01,0.01,1500,0.002,0.01,Inf,0,100,500,400,0,8,1,1,71,0,0,0.01,400,0.008351,3,Inf,0.4973918,0.036,0.5778947,95358200,0,0,1,0,0,0,0,1
"144",9,2,2,0.6,50,0.1,1,0.01,0.01,1500,0.002,0.01,Inf,0,100,500,10000,0,200,1,1,71,0,0,0.01,10000,0.009214,3,Inf,0.9298185,0.032,0.9456842,95913472,0,0,1,0,0,0,0,1
"145",1,2,2,0.6,50,0.1,1,0.01,0.01,1500,0.002,0.01,Inf,0,100,500,200,0,4,1,1,71,0,0,0.01,200.0002,0.000897,3,Inf,0.3386308,0.022,0.3988421,96927440,0,0,1,0,0,0,0,1
"146",9,2,2,0.6,50,0.1,1,0.01,0.01,1500,0.002,0.01,Inf,0,100,500,10000,0,200,1,1,71,0,0,0.01,10000,0.006572,3,Inf,0.8627915,0.036,0.8928421,97529448,0,0,1,0,0,0,0,1
"147",3,2,2,0.6,50,0.1,1,0.01,0.01,1500,0.002,0.01,Inf,0,100,500,400,0,8,1,1,71,0,0,0.01,400.0003,0.00154,3,Inf,0.7840407,0.022,0.8268421,97621840,0,0,1,0,0,0,0,1
"148",3,2,2,0.6,50,0.1,1,0.01,0.01,1500,0.002,0.01,Inf,0,100,500,400,0,8,1,1,71,0,0,0.01,400,0.00132,3,Inf,0.6497931,0.024,0.7207369,98278640,0,0,1,0,0,0,0,1
"149",9,2,2,0.6,50,0.1,1,0.01,0.01,1500,0.002,0.01,Inf,0,100,500,10000,0,200,1,1,71,0,0,0.01,10000,0.016833,3,Inf,0.9196551,0.042,0.9451579,9872862,0,0,1,0,0,0,0,1
"150",9,2,2,0.6,50,0.1,1,0.01,0.01,1500,0.002,0.01,Inf,0,100,500,10000,0,200,1,1,71,0,0,0.01,10000,0.010278,3,Inf,0.9238227,0.054,0.9445263,99409200,0,0,1,0,0,0,0,1
